Time,CORE_ZN ZN PSZ-AC-1:DesPer 1:Des Heat Mass Flow [kg/s],CORE_ZN ZN PSZ-AC-1:DesPer 1:Des Heat Cap [W],CORE_ZN ZN PSZ-AC-1:DesPer 1:Des Cool Mass Flow [kg/s],CORE_ZN ZN PSZ-AC-1:DesPer 1:Des Sens Cool Cap [W],CORE_ZN ZN PSZ-AC-1:DesPer 1:Des Tot Cool Cap [W],CORE_ZN ZN PSZ-AC-1:DesPer 2:Des Heat Mass Flow [kg/s],CORE_ZN ZN PSZ-AC-1:DesPer 2:Des Heat Cap [W],CORE_ZN ZN PSZ-AC-1:DesPer 2:Des Cool Mass Flow [kg/s],CORE_ZN ZN PSZ-AC-1:DesPer 2:Des Sens Cool Cap [W],CORE_ZN ZN PSZ-AC-1:DesPer 2:Des Tot Cool Cap [W],PERIMETER_ZN_1 ZN PSZ-AC-2:DesPer 1:Des Heat Mass Flow [kg/s],PERIMETER_ZN_1 ZN PSZ-AC-2:DesPer 1:Des Heat Cap [W],PERIMETER_ZN_1 ZN PSZ-AC-2:DesPer 1:Des Cool Mass Flow [kg/s],PERIMETER_ZN_1 ZN PSZ-AC-2:DesPer 1:Des Sens Cool Cap [W],PERIMETER_ZN_1 ZN PSZ-AC-2:DesPer 1:Des Tot Cool Cap [W],PERIMETER_ZN_1 ZN PSZ-AC-2:DesPer 2:Des Heat Mass Flow [kg/s],PERIMETER_ZN_1 ZN PSZ-AC-2:DesPer 2:Des Heat Cap [W],PERIMETER_ZN_1 ZN PSZ-AC-2:DesPer 2:Des Cool Mass Flow [kg/s],PERIMETER_ZN_1 ZN PSZ-AC-2:DesPer 2:Des Sens Cool Cap [W],PERIMETER_ZN_1 ZN PSZ-AC-2:DesPer 2:Des Tot Cool Cap [W],PERIMETER_ZN_2 ZN PSZ-AC-3:DesPer 1:Des Heat Mass Flow [kg/s],PERIMETER_ZN_2 ZN PSZ-AC-3:DesPer 1:Des Heat Cap [W],PERIMETER_ZN_2 ZN PSZ-AC-3:DesPer 1:Des Cool Mass Flow [kg/s],PERIMETER_ZN_2 ZN PSZ-AC-3:DesPer 1:Des Sens Cool Cap [W],PERIMETER_ZN_2 ZN PSZ-AC-3:DesPer 1:Des Tot Cool Cap [W],PERIMETER_ZN_2 ZN PSZ-AC-3:DesPer 2:Des Heat Mass Flow [kg/s],PERIMETER_ZN_2 ZN PSZ-AC-3:DesPer 2:Des Heat Cap [W],PERIMETER_ZN_2 ZN PSZ-AC-3:DesPer 2:Des Cool Mass Flow [kg/s],PERIMETER_ZN_2 ZN PSZ-AC-3:DesPer 2:Des Sens Cool Cap [W],PERIMETER_ZN_2 ZN PSZ-AC-3:DesPer 2:Des Tot Cool Cap [W],PERIMETER_ZN_3 ZN PSZ-AC-4:DesPer 1:Des Heat Mass Flow [kg/s],PERIMETER_ZN_3 ZN PSZ-AC-4:DesPer 1:Des Heat Cap [W],PERIMETER_ZN_3 ZN PSZ-AC-4:DesPer 1:Des Cool Mass Flow [kg/s],PERIMETER_ZN_3 ZN PSZ-AC-4:DesPer 1:Des Sens Cool Cap [W],PERIMETER_ZN_3 ZN PSZ-AC-4:DesPer 1:Des Tot Cool Cap [W],PERIMETER_ZN_3 ZN PSZ-AC-4:DesPer 2:Des Heat Mass Flow [kg/s],PERIMETER_ZN_3 ZN PSZ-AC-4:DesPer 2:Des Heat Cap [W],PERIMETER_ZN_3 ZN PSZ-AC-4:DesPer 2:Des Cool Mass Flow [kg/s],PERIMETER_ZN_3 ZN PSZ-AC-4:DesPer 2:Des Sens Cool Cap [W],PERIMETER_ZN_3 ZN PSZ-AC-4:DesPer 2:Des Tot Cool Cap [W],PERIMETER_ZN_4 ZN PSZ-AC-5:DesPer 1:Des Heat Mass Flow [kg/s],PERIMETER_ZN_4 ZN PSZ-AC-5:DesPer 1:Des Heat Cap [W],PERIMETER_ZN_4 ZN PSZ-AC-5:DesPer 1:Des Cool Mass Flow [kg/s],PERIMETER_ZN_4 ZN PSZ-AC-5:DesPer 1:Des Sens Cool Cap [W],PERIMETER_ZN_4 ZN PSZ-AC-5:DesPer 1:Des Tot Cool Cap [W],PERIMETER_ZN_4 ZN PSZ-AC-5:DesPer 2:Des Heat Mass Flow [kg/s],PERIMETER_ZN_4 ZN PSZ-AC-5:DesPer 2:Des Heat Cap [W],PERIMETER_ZN_4 ZN PSZ-AC-5:DesPer 2:Des Cool Mass Flow [kg/s],PERIMETER_ZN_4 ZN PSZ-AC-5:DesPer 2:Des Sens Cool Cap [W],PERIMETER_ZN_4 ZN PSZ-AC-5:DesPer 2:Des Tot Cool Cap [W]
00:10:00,7.315150E-02,9.086190E+02,1.600621E-01,2.304674E+03,3.985196E+03,7.315150E-02,2.300767E+03,7.315150E-02,0.000000E+00,0.000000E+00,5.545358E-02,6.887920E+02,1.540149E-01,2.202957E+03,4.449076E+03,2.168698E-01,4.826116E+03,5.545358E-02,0.000000E+00,0.000000E+00,3.289578E-02,4.086003E+02,1.107653E-01,1.577642E+03,3.082939E+03,1.384321E-01,3.049698E+03,3.289578E-02,0.000000E+00,0.000000E+00,5.545358E-02,6.887920E+02,1.602858E-01,2.290497E+03,4.579890E+03,2.087964E-01,4.671966E+03,5.545358E-02,0.000000E+00,0.000000E+00,3.289578E-02,4.086003E+02,1.233655E-01,1.753538E+03,3.333119E+03,1.382241E-01,3.045726E+03,3.289578E-02,0.000000E+00,0.000000E+00
00:20:00,7.315150E-02,9.135440E+02,1.616771E-01,2.322308E+03,4.000276E+03,7.315150E-02,2.300767E+03,7.315150E-02,0.000000E+00,0.000000E+00,5.545358E-02,6.925255E+02,1.541163E-01,2.200622E+03,4.452469E+03,2.168694E-01,4.826108E+03,5.545358E-02,0.000000E+00,0.000000E+00,3.289578E-02,4.108150E+02,1.107750E-01,1.575553E+03,3.082975E+03,1.384319E-01,3.049693E+03,3.289578E-02,0.000000E+00,0.000000E+00,5.545358E-02,6.925255E+02,1.604246E-01,2.288684E+03,4.583842E+03,2.087959E-01,4.671956E+03,5.545358E-02,0.000000E+00,0.000000E+00,3.289578E-02,4.108150E+02,1.233022E-01,1.750428E+03,3.331282E+03,1.382238E-01,3.045720E+03,3.289578E-02,0.000000E+00,0.000000E+00
00:30:00,7.315150E-02,9.184689E+02,1.629940E-01,2.335779E+03,4.010706E+03,7.315150E-02,2.300767E+03,7.315150E-02,0.000000E+00,0.000000E+00,5.545358E-02,6.962589E+02,1.540042E-01,2.195312E+03,4.449121E+03,2.168690E-01,4.826100E+03,5.545358E-02,0.000000E+00,0.000000E+00,3.289578E-02,4.130298E+02,1.106275E-01,1.571273E+03,3.078580E+03,1.384316E-01,3.049687E+03,3.289578E-02,0.000000E+00,0.000000E+00,5.545358E-02,6.962589E+02,1.603411E-01,2.283773E+03,4.580919E+03,2.087954E-01,4.671947E+03,5.545358E-02,0.000000E+00,0.000000E+00,3.289578E-02,4.130298E+02,1.230682E-01,1.744940E+03,3.324930E+03,1.382235E-01,3.045714E+03,3.289578E-02,0.000000E+00,0.000000E+00
00:40:00,7.315150E-02,9.233939E+02,1.640712E-01,2.345901E+03,4.017837E+03,7.315150E-02,2.300767E+03,7.315150E-02,0.000000E+00,0.000000E+00,5.545358E-02,6.999924E+02,1.537255E-01,2.187681E+03,4.440978E+03,2.168685E-01,4.826092E+03,5.545358E-02,0.000000E+00,0.000000E+00,3.289578E-02,4.152445E+02,1.103589E-01,1.565306E+03,3.071125E+03,1.384313E-01,3.049682E+03,3.289578E-02,0.000000E+00,0.000000E+00,5.545358E-02,6.999924E+02,1.600848E-01,2.276454E+03,4.573148E+03,2.087949E-01,4.671937E+03,5.545358E-02,0.000000E+00,0.000000E+00,3.289578E-02,4.152445E+02,1.227038E-01,1.737637E+03,3.315524E+03,1.382232E-01,3.045709E+03,3.289578E-02,0.000000E+00,0.000000E+00
00:50:00,7.315150E-02,9.283189E+02,1.649561E-01,2.353337E+03,4.022580E+03,7.315150E-02,2.300767E+03,7.315150E-02,0.000000E+00,0.000000E+00,5.545358E-02,7.037258E+02,1.533174E-01,2.178247E+03,4.429391E+03,2.168681E-01,4.826083E+03,5.545358E-02,0.000000E+00,0.000000E+00,3.289578E-02,4.174592E+02,1.099957E-01,1.558021E+03,3.061493E+03,1.384310E-01,3.049677E+03,3.289578E-02,0.000000E+00,0.000000E+00,5.545358E-02,7.037258E+02,1.596940E-01,2.267261E+03,4.561901E+03,2.087944E-01,4.671928E+03,5.545358E-02,0.000000E+00,0.000000E+00,3.289578E-02,4.174592E+02,1.222380E-01,1.728918E+03,3.303953E+03,1.382229E-01,3.045703E+03,3.289578E-02,0.000000E+00,0.000000E+00
01:00:00,7.315150E-02,9.332438E+02,1.656851E-01,2.358596E+03,4.025483E+03,7.315150E-02,2.300767E+03,7.315150E-02,0.000000E+00,0.000000E+00,5.545358E-02,7.074593E+02,1.528066E-01,2.167381E+03,4.415215E+03,2.168677E-01,4.826075E+03,5.545358E-02,0.000000E+00,0.000000E+00,3.289578E-02,4.196739E+02,1.095585E-01,1.549703E+03,3.050246E+03,1.384308E-01,3.049672E+03,3.289578E-02,0.000000E+00,0.000000E+00,5.545358E-02,7.074593E+02,1.591969E-01,2.256586E+03,4.548058E+03,2.087939E-01,4.671918E+03,5.545358E-02,0.000000E+00,0.000000E+00,3.289578E-02,4.196739E+02,1.216929E-01,1.719094E+03,3.290779E+03,1.382226E-01,3.045697E+03,3.289578E-02,0.000000E+00,0.000000E+00
01:10:00,7.315150E-02,9.365271E+02,1.664731E-01,2.366321E+03,4.031266E+03,7.315150E-02,2.300767E+03,7.315150E-02,0.000000E+00,0.000000E+00,5.545358E-02,7.099482E+02,1.523772E-01,2.158897E+03,4.404311E+03,2.168679E-01,4.826079E+03,5.545358E-02,0.000000E+00,0.000000E+00,3.289578E-02,4.211504E+02,1.091612E-01,1.542682E+03,3.040883E+03,1.384309E-01,3.049674E+03,3.289578E-02,0.000000E+00,0.000000E+00,5.545358E-02,7.099482E+02,1.587770E-01,2.248236E+03,4.537410E+03,2.087941E-01,4.671922E+03,5.545358E-02,0.000000E+00,0.000000E+00,3.289578E-02,4.211504E+02,1.211841E-01,1.710517E+03,3.279443E+03,1.382228E-01,3.045700E+03,3.289578E-02,0.000000E+00,0.000000E+00
01:20:00,7.315150E-02,9.398105E+02,1.671615E-01,2.372655E+03,4.035911E+03,7.315150E-02,2.300767E+03,7.315150E-02,0.000000E+00,0.000000E+00,5.545358E-02,7.124372E+02,1.519098E-01,2.149882E+03,4.392387E+03,2.168681E-01,4.826083E+03,5.545358E-02,0.000000E+00,0.000000E+00,3.289578E-02,4.226269E+02,1.087333E-01,1.535232E+03,3.030816E+03,1.384311E-01,3.049677E+03,3.289578E-02,0.000000E+00,0.000000E+00,5.545358E-02,7.124372E+02,1.583158E-01,2.239308E+03,4.525700E+03,2.087944E-01,4.671926E+03,5.545358E-02,0.000000E+00,0.000000E+00,3.289578E-02,4.226269E+02,1.206429E-01,1.701486E+03,3.267414E+03,1.382229E-01,3.045702E+03,3.289578E-02,0.000000E+00,0.000000E+00
01:30:00,7.315150E-02,9.430938E+02,1.677669E-01,2.377829E+03,4.039611E+03,7.315150E-02,2.300767E+03,7.315150E-02,0.000000E+00,0.000000E+00,5.545358E-02,7.149261E+02,1.514184E-01,2.140535E+03,4.379758E+03,2.168683E-01,4.826087E+03,5.545358E-02,0.000000E+00,0.000000E+00,3.289578E-02,4.241034E+02,1.082859E-01,1.527511E+03,3.020259E+03,1.384312E-01,3.049680E+03,3.289578E-02,0.000000E+00,0.000000E+00,5.545358E-02,7.149261E+02,1.578282E-01,2.230012E+03,4.513254E+03,2.087946E-01,4.671930E+03,5.545358E-02,0.000000E+00,0.000000E+00,3.289578E-02,4.241034E+02,1.200792E-01,1.692141E+03,3.254856E+03,1.382230E-01,3.045705E+03,3.289578E-02,0.000000E+00,0.000000E+00
01:40:00,7.315150E-02,9.463771E+02,1.683035E-01,2.382042E+03,4.042538E+03,7.315150E-02,2.300767E+03,7.315150E-02,0.000000E+00,0.000000E+00,5.545358E-02,7.174151E+02,1.509154E-01,2.131023E+03,4.366757E+03,2.168685E-01,4.826091E+03,5.545358E-02,0.000000E+00,0.000000E+00,3.289578E-02,4.255799E+02,1.078273E-01,1.519634E+03,3.009417E+03,1.384313E-01,3.049682E+03,3.289578E-02,0.000000E+00,0.000000E+00,5.545358E-02,7.174151E+02,1.573259E-01,2.220510E+03,4.500385E+03,2.087948E-01,4.671934E+03,5.545358E-02,0.000000E+00,0.000000E+00,3.289578E-02,4.255799E+02,1.195003E-01,1.682585E+03,3.241944E+03,1.382232E-01,3.045708E+03,3.289578E-02,0.000000E+00,0.000000E+00
01:50:00,7.315150E-02,9.496604E+02,1.687829E-01,2.385455E+03,4.044834E+03,7.315150E-02,2.300767E+03,7.315150E-02,0.000000E+00,0.000000E+00,5.545358E-02,7.199041E+02,1.504096E-01,2.121473E+03,4.353658E+03,2.168687E-01,4.826095E+03,5.545358E-02,0.000000E+00,0.000000E+00,3.289578E-02,4.270564E+02,1.073648E-01,1.511701E+03,2.998495E+03,1.384314E-01,3.049685E+03,3.289578E-02,0.000000E+00,0.000000E+00,5.545358E-02,7.199041E+02,1.568182E-01,2.210935E+03,4.487377E+03,2.087950E-01,4.671938E+03,5.545358E-02,0.000000E+00,0.000000E+00,3.289578E-02,4.270564E+02,1.189146E-01,1.672933E+03,3.228900E+03,1.382233E-01,3.045710E+03,3.289578E-02,0.000000E+00,0.000000E+00
02:00:00,7.315150E-02,9.529437E+02,1.692141E-01,2.388196E+03,4.046604E+03,7.315150E-02,2.300767E+03,7.315150E-02,0.000000E+00,0.000000E+00,5.545358E-02,7.223930E+02,1.499086E-01,2.111991E+03,4.340689E+03,2.168689E-01,4.826098E+03,5.545358E-02,0.000000E+00,0.000000E+00,3.289578E-02,4.285328E+02,1.069037E-01,1.503789E+03,2.987644E+03,1.384316E-01,3.049687E+03,3.289578E-02,0.000000E+00,0.000000E+00,5.545358E-02,7.223930E+02,1.563129E-01,2.201392E+03,4.474449E+03,2.087951E-01,4.671941E+03,5.545358E-02,0.000000E+00,0.000000E+00,3.289578E-02,4.285328E+02,1.183283E-01,1.663273E+03,3.215886E+03,1.382234E-01,3.045712E+03,3.289578E-02,0.000000E+00,0.000000E+00
02:10:00,7.315150E-02,9.554062E+02,1.696046E-01,2.391188E+03,4.048774E+03,7.315150E-02,2.300767E+03,7.315150E-02,0.000000E+00,0.000000E+00,5.545358E-02,7.242597E+02,1.493989E-01,2.103010E+03,4.328179E+03,2.168691E-01,4.826102E+03,5.545358E-02,0.000000E+00,0.000000E+00,3.289578E-02,4.296402E+02,1.064352E-01,1.496142E+03,2.977035E+03,1.384317E-01,3.049689E+03,3.289578E-02,0.000000E+00,0.000000E+00,5.545358E-02,7.242597E+02,1.557960E-01,2.192310E+03,4.461928E+03,2.087953E-01,4.671945E+03,5.545358E-02,0.000000E+00,0.000000E+00,3.289578E-02,4.296402E+02,1.177333E-01,1.653860E+03,3.203097E+03,1.382235E-01,3.045715E+03,3.289578E-02,0.000000E+00,0.000000E+00
02:20:00,7.315150E-02,9.578686E+02,1.699600E-01,2.393691E+03,4.050567E+03,7.315150E-02,2.300767E+03,7.315150E-02,0.000000E+00,0.000000E+00,5.545358E-02,7.261265E+02,1.488837E-01,2.093950E+03,4.315502E+03,2.168693E-01,4.826106E+03,5.545358E-02,0.000000E+00,0.000000E+00,3.289578E-02,4.307476E+02,1.059624E-01,1.488436E+03,2.966310E+03,1.384318E-01,3.049692E+03,3.289578E-02,0.000000E+00,0.000000E+00,5.545358E-02,7.261265E+02,1.552721E-01,2.183129E+03,4.449216E+03,2.087955E-01,4.671949E+03,5.545358E-02,0.000000E+00,0.000000E+00,3.289578E-02,4.307476E+02,1.171331E-01,1.644375E+03,3.190170E+03,1.382237E-01,3.045717E+03,3.289578E-02,0.000000E+00,0.000000E+00
02:30:00,7.315150E-02,9.603311E+02,1.702851E-01,2.395770E+03,4.052031E+03,7.315150E-02,2.300767E+03,7.315150E-02,0.000000E+00,0.000000E+00,5.545358E-02,7.279932E+02,1.483665E-01,2.084864E+03,4.302723E+03,2.168695E-01,4.826109E+03,5.545358E-02,0.000000E+00,0.000000E+00,3.289578E-02,4.318549E+02,1.054881E-01,1.480707E+03,2.955506E+03,1.384319E-01,3.049694E+03,3.289578E-02,0.000000E+00,0.000000E+00,5.545358E-02,7.279932E+02,1.547447E-01,2.173900E+03,4.436373E+03,2.087957E-01,4.671952E+03,5.545358E-02,0.000000E+00,0.000000E+00,3.289578E-02,4.318549E+02,1.165307E-01,1.634859E+03,3.177145E+03,1.382238E-01,3.045720E+03,3.289578E-02,0.000000E+00,0.000000E+00
02:40:00,7.315150E-02,9.627936E+02,1.705836E-01,2.397477E+03,4.053207E+03,7.315150E-02,2.300767E+03,7.315150E-02,0.000000E+00,0.000000E+00,5.545358E-02,7.298599E+02,1.478503E-01,2.075791E+03,4.289927E+03,2.168696E-01,4.826113E+03,5.545358E-02,0.000000E+00,0.000000E+00,3.289578E-02,4.329623E+02,1.050143E-01,1.472986E+03,2.944684E+03,1.384321E-01,3.049696E+03,3.289578E-02,0.000000E+00,0.000000E+00,5.545358E-02,7.298599E+02,1.542169E-01,2.164666E+03,4.423487E+03,2.087959E-01,4.671956E+03,5.545358E-02,0.000000E+00,0.000000E+00,3.289578E-02,4.329623E+02,1.159285E-01,1.625346E+03,3.164091E+03,1.382239E-01,3.045722E+03,3.289578E-02,0.000000E+00,0.000000E+00
02:50:00,7.315150E-02,9.652561E+02,1.708585E-01,2.398855E+03,4.054124E+03,7.315150E-02,2.300767E+03,7.315150E-02,0.000000E+00,0.000000E+00,5.545358E-02,7.317266E+02,1.473375E-01,2.066766E+03,4.277195E+03,2.168698E-01,4.826116E+03,5.545358E-02,0.000000E+00,0.000000E+00,3.289578E-02,4.340696E+02,1.045430E-01,1.465299E+03,2.933905E+03,1.384322E-01,3.049698E+03,3.289578E-02,0.000000E+00,0.000000E+00,5.545358E-02,7.317266E+02,1.536913E-01,2.155462E+03,4.410638E+03,2.087961E-01,4.671959E+03,5.545358E-02,0.000000E+00,0.000000E+00,3.289578E-02,4.340696E+02,1.153287E-01,1.615865E+03,3.151071E+03,1.382240E-01,3.045724E+03,3.289578E-02,0.000000E+00,0.000000E+00
03:00:00,7.315150E-02,9.677186E+02,1.711124E-01,2.399939E+03,4.054808E+03,7.315150E-02,2.300767E+03,7.315150E-02,0.000000E+00,0.000000E+00,5.545358E-02,7.335933E+02,1.468302E-01,2.057818E+03,4.264597E+03,2.168700E-01,4.826119E+03,5.545358E-02,0.000000E+00,0.000000E+00,3.289578E-02,4.351770E+02,1.040755E-01,1.457667E+03,2.923217E+03,1.384323E-01,3.049701E+03,3.289578E-02,0.000000E+00,0.000000E+00,5.545358E-02,7.335933E+02,1.531699E-01,2.146317E+03,4.397895E+03,2.087962E-01,4.671962E+03,5.545358E-02,0.000000E+00,0.000000E+00,3.289578E-02,4.351770E+02,1.147328E-01,1.606440E+03,3.138138E+03,1.382241E-01,3.045726E+03,3.289578E-02,0.000000E+00,0.000000E+00
03:10:00,7.315150E-02,9.701811E+02,1.713472E-01,2.400757E+03,4.055279E+03,7.315150E-02,2.300767E+03,7.315150E-02,0.000000E+00,0.000000E+00,5.545358E-02,7.354601E+02,1.463083E-01,2.048666E+03,4.251649E+03,2.168702E-01,4.826122E+03,5.545358E-02,0.000000E+00,0.000000E+00,3.289578E-02,4.362844E+02,1.035995E-01,1.449915E+03,2.912326E+03,1.384324E-01,3.049703E+03,3.289578E-02,0.000000E+00,0.000000E+00,5.545358E-02,7.354601E+02,1.526340E-01,2.136970E+03,4.384815E+03,2.087964E-01,4.671966E+03,5.545358E-02,0.000000E+00,0.000000E+00,3.289578E-02,4.362844E+02,1.141287E-01,1.596900E+03,3.125011E+03,1.382243E-01,3.045729E+03,3.289578E-02,0.000000E+00,0.000000E+00
03:20:00,7.315150E-02,9.726435E+02,1.715647E-01,2.401332E+03,4.055550E+03,7.315150E-02,2.300767E+03,7.315150E-02,0.000000E+00,0.000000E+00,5.545358E-02,7.373268E+02,1.457737E-01,2.039336E+03,4.238401E+03,2.168703E-01,4.826126E+03,5.545358E-02,0.000000E+00,0.000000E+00,3.289578E-02,4.373917E+02,1.031158E-01,1.442055E+03,2.901254E+03,1.384325E-01,3.049705E+03,3.289578E-02,0.000000E+00,0.000000E+00,5.545358E-02,7.373268E+02,1.520849E-01,2.127438E+03,4.371430E+03,2.087966E-01,4.671969E+03,5.545358E-02,0.000000E+00,0.000000E+00,3.289578E-02,4.373917E+02,1.135173E-01,1.587258E+03,3.111709E+03,1.382244E-01,3.045731E+03,3.289578E-02,0.000000E+00,0.000000E+00
03:30:00,7.315150E-02,9.751060E+02,1.717661E-01,2.401683E+03,4.055637E+03,7.315150E-02,2.300767E+03,7.315150E-02,0.000000E+00,0.000000E+00,5.545358E-02,7.391935E+02,1.452271E-01,2.029839E+03,4.224876E+03,2.168705E-01,4.826129E+03,5.545358E-02,0.000000E+00,0.000000E+00,3.289578E-02,4.384991E+02,1.026251E-01,1.434098E+03,2.890018E+03,1.384326E-01,3.049707E+03,3.289578E-02,0.000000E+00,0.000000E+00,5.545358E-02,7.391935E+02,1.515235E-01,2.117735E+03,4.357765E+03,2.087968E-01,4.671972E+03,5.545358E-02,0.000000E+00,0.000000E+00,3.289578E-02,4.384991E+02,1.128994E-01,1.577526E+03,3.098254E+03,1.382245E-01,3.045733E+03,3.289578E-02,0.000000E+00,0.000000E+00
03:40:00,7.315150E-02,9.775685E+02,1.719526E-01,2.401827E+03,4.055547E+03,7.315150E-02,2.300767E+03,7.315150E-02,0.000000E+00,0.000000E+00,5.545358E-02,7.410602E+02,1.446695E-01,2.020188E+03,4.211092E+03,2.168707E-01,4.826132E+03,5.545358E-02,0.000000E+00,0.000000E+00,3.289578E-02,4.396065E+02,1.021281E-01,1.426053E+03,2.878631E+03,1.384327E-01,3.049709E+03,3.289578E-02,0.000000E+00,0.000000E+00,5.545358E-02,7.410602E+02,1.509508E-01,2.107873E+03,4.343840E+03,2.087969E-01,4.671975E+03,5.545358E-02,0.000000E+00,0.000000E+00,3.289578E-02,4.396065E+02,1.122758E-01,1.567713E+03,3.084659E+03,1.382246E-01,3.045735E+03,3.289578E-02,0.000000E+00,0.000000E+00
03:50:00,7.315150E-02,9.800310E+02,1.721252E-01,2.401775E+03,4.055290E+03,7.315150E-02,2.300767E+03,7.315150E-02,0.000000E+00,0.000000E+00,5.545358E-02,7.429269E+02,1.441015E-01,2.010392E+03,4.197069E+03,2.168708E-01,4.826135E+03,5.545358E-02,0.000000E+00,0.000000E+00,3.289578E-02,4.407138E+02,1.016252E-01,1.417926E+03,2.867107E+03,1.384328E-01,3.049711E+03,3.289578E-02,0.000000E+00,0.000000E+00,5.545358E-02,7.429269E+02,1.503675E-01,2.097864E+03,4.329676E+03,2.087971E-01,4.671979E+03,5.545358E-02,0.000000E+00,0.000000E+00,3.289578E-02,4.407138E+02,1.116471E-01,1.557830E+03,3.070938E+03,1.382247E-01,3.045737E+03,3.289578E-02,0.000000E+00,0.000000E+00
04:00:00,7.315150E-02,9.824935E+02,1.722847E-01,2.401540E+03,4.054872E+03,7.315150E-02,2.300767E+03,7.315150E-02,0.000000E+00,0.000000E+00,5.545358E-02,7.447937E+02,1.435237E-01,2.000461E+03,4.182819E+03,2.168710E-01,4.826138E+03,5.545358E-02,0.000000E+00,0.000000E+00,3.289578E-02,4.418212E+02,1.011171E-01,1.409725E+03,2.855453E+03,1.384329E-01,3.049713E+03,3.289578E-02,0.000000E+00,0.000000E+00,5.545358E-02,7.447937E+02,1.497744E-01,2.087718E+03,4.315285E+03,2.087972E-01,4.671982E+03,5.545358E-02,0.000000E+00,0.000000E+00,3.289578E-02,4.418212E+02,1.110139E-01,1.547883E+03,3.057103E+03,1.382248E-01,3.045739E+03,3.289578E-02,0.000000E+00,0.000000E+00
04:10:00,7.315150E-02,9.841351E+02,1.724318E-01,2.401954E+03,4.055146E+03,7.315150E-02,2.300767E+03,7.315150E-02,0.000000E+00,0.000000E+00,5.545358E-02,7.460381E+02,1.429578E-01,1.991316E+03,4.169514E+03,2.168711E-01,4.826141E+03,5.545358E-02,0.000000E+00,0.000000E+00,3.289578E-02,4.425594E+02,1.006184E-01,1.402026E+03,2.844412E+03,1.384330E-01,3.049715E+03,3.289578E-02,0.000000E+00,0.000000E+00,5.545358E-02,7.460381E+02,1.491935E-01,2.078365E+03,4.301851E+03,2.087974E-01,4.671985E+03,5.545358E-02,0.000000E+00,0.000000E+00,3.289578E-02,4.425594E+02,1.103910E-01,1.538451E+03,3.043888E+03,1.382249E-01,3.045741E+03,3.289578E-02,0.000000E+00,0.000000E+00
04:20:00,7.315150E-02,9.857768E+02,1.725672E-01,2.402204E+03,4.055271E+03,7.315150E-02,2.300767E+03,7.315150E-02,0.000000E+00,0.000000E+00,5.545358E-02,7.472826E+02,1.424050E-01,1.982355E+03,4.156478E+03,2.168713E-01,4.826144E+03,5.545358E-02,0.000000E+00,0.000000E+00,3.289578E-02,4.432977E+02,1.001293E-01,1.394459E+03,2.833544E+03,1.384331E-01,3.049717E+03,3.289578E-02,0.000000E+00,0.000000E+00,5.545358E-02,7.472826E+02,1.486248E-01,2.069182E+03,4.288654E+03,2.087976E-01,4.671988E+03,5.545358E-02,0.000000E+00,0.000000E+00,3.289578E-02,4.432977E+02,1.097787E-01,1.529165E+03,3.030850E+03,1.382250E-01,3.045743E+03,3.289578E-02,0.000000E+00,0.000000E+00
04:30:00,7.315150E-02,9.874184E+02,1.726918E-01,2.402302E+03,4.055259E+03,7.315150E-02,2.300767E+03,7.315150E-02,0.000000E+00,0.000000E+00,5.545358E-02,7.485271E+02,1.418670E-01,1.973599E+03,4.143720E+03,2.168714E-01,4.826147E+03,5.545358E-02,0.000000E+00,0.000000E+00,3.289578E-02,4.440359E+02,9.965095E-02,1.387044E+03,2.822863E+03,1.384332E-01,3.049719E+03,3.289578E-02,0.000000E+00,0.000000E+00,5.545358E-02,7.485271E+02,1.480700E-01,2.060193E+03,4.275711E+03,2.087977E-01,4.671990E+03,5.545358E-02,0.000000E+00,0.000000E+00,3.289578E-02,4.440359E+02,1.091784E-01,1.520047E+03,3.018009E+03,1.382251E-01,3.045745E+03,3.289578E-02,0.000000E+00,0.000000E+00
04:40:00,7.315150E-02,9.890601E+02,1.728061E-01,2.402257E+03,4.055115E+03,7.315150E-02,2.300767E+03,7.315150E-02,0.000000E+00,0.000000E+00,5.545358E-02,7.497716E+02,1.413440E-01,1.965054E+03,4.131257E+03,2.168716E-01,4.826150E+03,5.545358E-02,0.000000E+00,0.000000E+00,3.289578E-02,4.447742E+02,9.918366E-02,1.379783E+03,2.812383E+03,1.384333E-01,3.049720E+03,3.289578E-02,0.000000E+00,0.000000E+00,5.545358E-02,7.497716E+02,1.475294E-01,2.051401E+03,4.263040E+03,2.087979E-01,4.671993E+03,5.545358E-02,0.000000E+00,0.000000E+00,3.289578E-02,4.447742E+02,1.085903E-01,1.511099E+03,3.005377E+03,1.382252E-01,3.045747E+03,3.289578E-02,0.000000E+00,0.000000E+00
04:50:00,7.315150E-02,9.907017E+02,1.729105E-01,2.402073E+03,4.054842E+03,7.315150E-02,2.300767E+03,7.315150E-02,0.000000E+00,0.000000E+00,5.545358E-02,7.510161E+02,1.408364E-01,1.956724E+03,4.119120E+03,2.168717E-01,4.826152E+03,5.545358E-02,0.000000E+00,0.000000E+00,3.289578E-02,4.455124E+02,9.872760E-02,1.372678E+03,2.802128E+03,1.384334E-01,3.049722E+03,3.289578E-02,0.000000E+00,0.000000E+00,5.545358E-02,7.510161E+02,1.470033E-01,2.042813E+03,4.250672E+03,2.087980E-01,4.671996E+03,5.545358E-02,0.000000E+00,0.000000E+00,3.289578E-02,4.455124E+02,1.080146E-01,1.502325E+03,2.992982E+03,1.382253E-01,3.045748E+03,3.289578E-02,0.000000E+00,0.000000E+00
05:00:00,7.315150E-02,9.923434E+02,1.730056E-01,2.401759E+03,4.054448E+03,7.315150E-02,2.300767E+03,7.315150E-02,0.000000E+00,0.000000E+00,5.545358E-02,7.522606E+02,1.403448E-01,1.948617E+03,4.107345E+03,2.168719E-01,4.826155E+03,5.545358E-02,0.000000E+00,0.000000E+00,3.289578E-02,4.462506E+02,9.828312E-02,1.365735E+03,2.792126E+03,1.384335E-01,3.049724E+03,3.289578E-02,0.000000E+00,0.000000E+00,5.545358E-02,7.522606E+02,1.464923E-01,2.034435E+03,4.238643E+03,2.087982E-01,4.671999E+03,5.545358E-02,0.000000E+00,0.000000E+00,3.289578E-02,4.462506E+02,1.074516E-01,1.493727E+03,2.980851E+03,1.382254E-01,3.045750E+03,3.289578E-02,0.000000E+00,0.000000E+00
05:10:00,7.315150E-02,9.907017E+02,1.730917E-01,2.404604E+03,4.057306E+03,7.315150E-02,2.300767E+03,7.315150E-02,0.000000E+00,0.000000E+00,5.545358E-02,7.510161E+02,1.399323E-01,1.944102E+03,4.100081E+03,2.168720E-01,4.826158E+03,5.545358E-02,0.000000E+00,0.000000E+00,3.289578E-02,4.455124E+02,9.789066E-02,1.360994E+03,2.784904E+03,1.384336E-01,3.049726E+03,3.289578E-02,0.000000E+00,0.000000E+00,5.545358E-02,7.510161E+02,1.460566E-01,2.029597E+03,4.231015E+03,2.087983E-01,4.672002E+03,5.545358E-02,0.000000E+00,0.000000E+00,3.289578E-02,4.455124E+02,1.069418E-01,1.487349E+03,2.971493E+03,1.382255E-01,3.045752E+03,3.289578E-02,0.000000E+00,0.000000E+00
05:20:00,7.315150E-02,9.890601E+02,1.731695E-01,2.407333E+03,4.060056E+03,7.315150E-02,2.300767E+03,7.315150E-02,0.000000E+00,0.000000E+00,5.545358E-02,7.497716E+02,1.396019E-01,1.940735E+03,4.094582E+03,2.168722E-01,4.826161E+03,5.545358E-02,0.000000E+00,0.000000E+00,3.289578E-02,4.447742E+02,9.755271E-02,1.357015E+03,2.778793E+03,1.384337E-01,3.049728E+03,3.289578E-02,0.000000E+00,0.000000E+00,5.545358E-02,7.497716E+02,1.456998E-01,2.025861E+03,4.225052E+03,2.087984E-01,4.672004E+03,5.545358E-02,0.000000E+00,0.000000E+00,3.289578E-02,4.447742E+02,1.064878E-01,1.481749E+03,2.963226E+03,1.382256E-01,3.045754E+03,3.289578E-02,0.000000E+00,0.000000E+00
05:30:00,7.315150E-02,9.874184E+02,1.732393E-01,2.409950E+03,4.062697E+03,7.315150E-02,2.300767E+03,7.315150E-02,0.000000E+00,0.000000E+00,5.545358E-02,7.485271E+02,1.393542E-01,1.938521E+03,4.090756E+03,2.168723E-01,4.826163E+03,5.545358E-02,0.000000E+00,0.000000E+00,3.289578E-02,4.440359E+02,9.726928E-02,1.353796E+03,2.773718E+03,1.384338E-01,3.049729E+03,3.289578E-02,0.000000E+00,0.000000E+00,5.545358E-02,7.485271E+02,1.454224E-01,2.023232E+03,4.220656E+03,2.087986E-01,4.672007E+03,5.545358E-02,0.000000E+00,0.000000E+00,3.289578E-02,4.440359E+02,1.060895E-01,1.476927E+03,2.955966E+03,1.382257E-01,3.045756E+03,3.289578E-02,0.000000E+00,0.000000E+00
05:40:00,7.315150E-02,9.857768E+02,1.733019E-01,2.412465E+03,4.065241E+03,7.315150E-02,2.300767E+03,7.315150E-02,0.000000E+00,0.000000E+00,5.545358E-02,7.472826E+02,1.391903E-01,1.937478E+03,4.088680E+03,2.168724E-01,4.826166E+03,5.545358E-02,0.000000E+00,0.000000E+00,3.289578E-02,4.432977E+02,9.704121E-02,1.351350E+03,2.769746E+03,1.384339E-01,3.049731E+03,3.289578E-02,0.000000E+00,0.000000E+00,5.545358E-02,7.472826E+02,1.452253E-01,2.021726E+03,4.217905E+03,2.087987E-01,4.672010E+03,5.545358E-02,0.000000E+00,0.000000E+00,3.289578E-02,4.432977E+02,1.057477E-01,1.472894E+03,2.949792E+03,1.382258E-01,3.045757E+03,3.289578E-02,0.000000E+00,0.000000E+00
05:50:00,7.315150E-02,9.841351E+02,1.733599E-01,2.414917E+03,4.067725E+03,7.315150E-02,2.300767E+03,7.315150E-02,0.000000E+00,0.000000E+00,5.545358E-02,7.460381E+02,1.392529E-01,1.939595E+03,4.091993E+03,2.168726E-01,4.826168E+03,5.545358E-02,0.000000E+00,0.000000E+00,3.289578E-02,4.425594E+02,9.710480E-02,1.352976E+03,2.772784E+03,1.384340E-01,3.049733E+03,3.289578E-02,0.000000E+00,0.000000E+00,5.545358E-02,7.460381E+02,1.453155E-01,2.024229E+03,4.221996E+03,2.087989E-01,4.672012E+03,5.545358E-02,0.000000E+00,0.000000E+00,3.289578E-02,4.425594E+02,1.055471E-01,1.470831E+03,2.946833E+03,1.382259E-01,3.045759E+03,3.289578E-02,0.000000E+00,0.000000E+00
06:00:00,7.315150E-02,9.824935E+02,1.734293E-01,2.417528E+03,4.070374E+03,7.315150E-02,2.300767E+03,7.315150E-02,0.000000E+00,0.000000E+00,5.545358E-02,7.447937E+02,1.396001E-01,1.945686E+03,4.101787E+03,2.168727E-01,4.826171E+03,5.545358E-02,0.000000E+00,0.000000E+00,3.289578E-02,4.418212E+02,9.827675E-02,1.370074E+03,2.802124E+03,1.384340E-01,3.049734E+03,3.289578E-02,0.000000E+00,0.000000E+00,5.545358E-02,7.447937E+02,1.460438E-01,2.035640E+03,4.240995E+03,2.087990E-01,4.672015E+03,5.545358E-02,0.000000E+00,0.000000E+00,3.289578E-02,4.418212E+02,1.055240E-01,1.471246E+03,2.947704E+03,1.382259E-01,3.045761E+03,3.289578E-02,0.000000E+00,0.000000E+00
06:10:00,7.315150E-02,9.767477E+02,2.655001E-01,3.630798E+03,5.332403E+03,7.315150E-02,2.300767E+03,7.315150E-02,0.000000E+00,0.000000E+00,5.545358E-02,7.404380E+02,2.153414E-01,2.942743E+03,5.446965E+03,2.053912E-01,4.606951E+03,5.545358E-02,0.000000E+00,0.000000E+00,3.289578E-02,4.392373E+02,1.519222E-01,2.074436E+03,3.696677E+03,1.307798E-01,2.903588E+03,3.289578E-02,0.000000E+00,0.000000E+00,5.545358E-02,7.404380E+02,2.253956E-01,3.079390E+03,5.622545E+03,1.973175E-01,4.452795E+03,5.545358E-02,0.000000E+00,0.000000E+00,3.289578E-02,4.392373E+02,1.551807E-01,2.118389E+03,3.741462E+03,1.305717E-01,2.899614E+03,3.289578E-02,0.000000E+00,0.000000E+00
06:20:00,7.315150E-02,9.710019E+02,2.896110E-01,3.865594E+03,5.617653E+03,7.315150E-02,2.300767E+03,7.315150E-02,0.000000E+00,0.000000E+00,5.545358E-02,7.360823E+02,2.427850E-01,3.234563E+03,5.652570E+03,1.939044E-01,4.387620E+03,5.545358E-02,0.000000E+00,0.000000E+00,3.289578E-02,4.366535E+02,1.802161E-01,2.394317E+03,3.946018E+03,1.231220E-01,2.757368E+03,3.289578E-02,0.000000E+00,0.000000E+00,5.545358E-02,7.360823E+02,2.574048E-01,3.426572E+03,5.878219E+03,1.858304E-01,4.233460E+03,5.545358E-02,0.000000E+00,0.000000E+00,3.289578E-02,4.366535E+02,1.762256E-01,2.341704E+03,3.868129E+03,1.229138E-01,2.753394E+03,3.289578E-02,0.000000E+00,0.000000E+00
06:30:00,7.315150E-02,9.652561E+02,3.774812E-01,4.885459E+03,6.713992E+03,7.315150E-02,2.300767E+03,7.315150E-02,0.000000E+00,0.000000E+00,5.545358E-02,7.317266E+02,3.173961E-01,4.098306E+03,6.575112E+03,1.824194E-01,4.168327E+03,5.545358E-02,0.000000E+00,0.000000E+00,3.289578E-02,4.340696E+02,2.368344E-01,3.047165E+03,4.586613E+03,1.154654E-01,2.611173E+03,3.289578E-02,0.000000E+00,0.000000E+00,5.545358E-02,7.317266E+02,3.365347E-01,4.341044E+03,6.831357E+03,1.743455E-01,4.014166E+03,5.545358E-02,0.000000E+00,0.000000E+00,3.289578E-02,4.340696E+02,2.234035E-01,2.876759E+03,4.383514E+03,1.152573E-01,2.607199E+03,3.289578E-02,0.000000E+00,0.000000E+00
06:40:00,7.315150E-02,9.595103E+02,4.462989E-01,5.593329E+03,7.508158E+03,7.315150E-02,2.300767E+03,7.315150E-02,0.000000E+00,0.000000E+00,5.545358E-02,7.273709E+02,3.781303E-01,4.725174E+03,6.981987E+03,1.709331E-01,3.949006E+03,5.545358E-02,0.000000E+00,0.000000E+00,3.289578E-02,4.314858E+02,2.890425E-01,3.594926E+03,4.943236E+03,1.078079E-01,2.464960E+03,3.289578E-02,0.000000E+00,0.000000E+00,5.545358E-02,7.273709E+02,4.029380E-01,5.028568E+03,7.277076E+03,1.628591E-01,3.794846E+03,5.545358E-02,0.000000E+00,0.000000E+00,3.289578E-02,4.314858E+02,2.625523E-01,3.271103E+03,4.610128E+03,1.075998E-01,2.460986E+03,3.289578E-02,0.000000E+00,0.000000E+00
06:50:00,7.315150E-02,9.537645E+02,5.134697E-01,6.219588E+03,8.201748E+03,7.315150E-02,2.300767E+03,7.315150E-02,0.000000E+00,0.000000E+00,5.545358E-02,7.230153E+02,4.378870E-01,5.285763E+03,7.472749E+03,1.594459E-01,3.729671E+03,5.545358E-02,0.000000E+00,0.000000E+00,3.289578E-02,4.289020E+02,3.429818E-01,4.115940E+03,5.425305E+03,1.001500E-01,2.318738E+03,3.289578E-02,0.000000E+00,0.000000E+00,5.545358E-02,7.230153E+02,4.686436E-01,5.647987E+03,7.824962E+03,1.513719E-01,3.575512E+03,5.545358E-02,0.000000E+00,0.000000E+00,3.289578E-02,4.289020E+02,3.007321E-01,3.618755E+03,4.926609E+03,9.994184E-02,2.314764E+03,3.289578E-02,0.000000E+00,0.000000E+00
07:00:00,7.315150E-02,9.480187E+02,5.790419E-01,6.767017E+03,8.807170E+03,7.315150E-02,2.300767E+03,7.315150E-02,0.000000E+00,0.000000E+00,5.545358E-02,7.186596E+02,4.966931E-01,5.781688E+03,8.020648E+03,1.479582E-01,3.510326E+03,5.545358E-02,0.000000E+00,0.000000E+00,3.289578E-02,4.263181E+02,3.978438E-01,4.598720E+03,5.969164E+03,9.249160E-02,2.172510E+03,3.289578E-02,0.000000E+00,0.000000E+00,5.545358E-02,7.186596E+02,5.331973E-01,6.195100E+03,8.431806E+03,1.398843E-01,3.356169E+03,5.545358E-02,0.000000E+00,0.000000E+00,3.289578E-02,4.263181E+02,3.381105E-01,3.922905E+03,5.287163E+03,9.228350E-02,2.168536E+03,3.289578E-02,0.000000E+00,0.000000E+00
07:10:00,7.315150E-02,9.340647E+02,5.513434E-01,6.446832E+03,8.471512E+03,7.315150E-02,2.300767E+03,7.315150E-02,0.000000E+00,0.000000E+00,5.545358E-02,7.080815E+02,4.797941E-01,5.581575E+03,7.760852E+03,1.479516E-01,3.510191E+03,5.545358E-02,0.000000E+00,0.000000E+00,3.289578E-02,4.200431E+02,4.023408E-01,4.635386E+03,6.005164E+03,9.248730E-02,2.172421E+03,3.289578E-02,0.000000E+00,0.000000E+00,5.545358E-02,7.080815E+02,5.183946E-01,6.015848E+03,8.205562E+03,1.398777E-01,3.356036E+03,5.545358E-02,0.000000E+00,0.000000E+00,3.289578E-02,4.200431E+02,3.254208E-01,3.770125E+03,5.115053E+03,9.227920E-02,2.168448E+03,3.289578E-02,0.000000E+00,0.000000E+00
07:20:00,7.315150E-02,9.201106E+02,5.905572E-01,6.902029E+03,8.967261E+03,7.315150E-02,2.300767E+03,7.315150E-02,0.000000E+00,0.000000E+00,5.545358E-02,6.975034E+02,5.110962E-01,5.944223E+03,8.182447E+03,1.479500E-01,3.510156E+03,5.545358E-02,0.000000E+00,0.000000E+00,3.289578E-02,4.137680E+02,4.342448E-01,5.000506E+03,6.406789E+03,9.248629E-02,2.172399E+03,3.289578E-02,0.000000E+00,0.000000E+00,5.545358E-02,6.975034E+02,5.501465E-01,6.383554E+03,8.631206E+03,1.398764E-01,3.356007E+03,5.545358E-02,0.000000E+00,0.000000E+00,3.289578E-02,4.137680E+02,3.411006E-01,3.952749E+03,5.333741E+03,9.227820E-02,2.168426E+03,3.289578E-02,0.000000E+00,0.000000E+00
07:30:00,7.315150E-02,9.061565E+02,5.651192E-01,6.629661E+03,8.680786E+03,7.315150E-02,2.300767E+03,7.315150E-02,0.000000E+00,0.000000E+00,5.545358E-02,6.869253E+02,4.952829E-01,5.777038E+03,7.969227E+03,1.479461E-01,3.510077E+03,5.545358E-02,0.000000E+00,0.000000E+00,3.289578E-02,4.074929E+02,4.397805E-01,5.069238E+03,6.459219E+03,9.248378E-02,2.172348E+03,3.289578E-02,0.000000E+00,0.000000E+00,5.545358E-02,6.869253E+02,5.339561E-01,6.212159E+03,8.418671E+03,1.398727E-01,3.355932E+03,5.545358E-02,0.000000E+00,0.000000E+00,3.289578E-02,4.074929E+02,3.305085E-01,3.839966E+03,5.196149E+03,9.227569E-02,2.168375E+03,3.289578E-02,0.000000E+00,0.000000E+00
07:40:00,7.315150E-02,8.922025E+02,5.579494E-01,6.562911E+03,8.614037E+03,7.315150E-02,2.300767E+03,7.315150E-02,0.000000E+00,0.000000E+00,5.545358E-02,6.763472E+02,4.935051E-01,5.767919E+03,7.945858E+03,1.479433E-01,3.510021E+03,5.545358E-02,0.000000E+00,0.000000E+00,3.289578E-02,4.012179E+02,4.515519E-01,5.208225E+03,6.593491E+03,9.248203E-02,2.172312E+03,3.289578E-02,0.000000E+00,0.000000E+00,5.545358E-02,6.763472E+02,5.296577E-01,6.174706E+03,8.367338E+03,1.398700E-01,3.355879E+03,5.545358E-02,0.000000E+00,0.000000E+00,3.289578E-02,4.012179E+02,3.278852E-01,3.816903E+03,5.164227E+03,9.227394E-02,2.168339E+03,3.289578E-02,0.000000E+00,0.000000E+00
07:50:00,7.315150E-02,8.782484E+02,5.517220E-01,6.506776E+03,8.557476E+03,7.315150E-02,2.300767E+03,7.315150E-02,0.000000E+00,0.000000E+00,5.545358E-02,6.657692E+02,4.927985E-01,5.770681E+03,7.939518E+03,1.479411E-01,3.509976E+03,5.545358E-02,0.000000E+00,0.000000E+00,3.289578E-02,3.949428E+02,4.628787E-01,5.342058E+03,6.726686E+03,9.248059E-02,2.172283E+03,3.289578E-02,0.000000E+00,0.000000E+00,5.545358E-02,6.657692E+02,5.250305E-01,6.133366E+03,8.316434E+03,1.398678E-01,3.355835E+03,5.545358E-02,0.000000E+00,0.000000E+00,3.289578E-02,3.949428E+02,3.261474E-01,3.803692E+03,5.145587E+03,9.227251E-02,2.168310E+03,3.289578E-02,0.000000E+00,0.000000E+00
08:00:00,7.315150E-02,8.642943E+02,5.464604E-01,6.461512E+03,8.511695E+03,7.315150E-02,2.300767E+03,7.315150E-02,0.000000E+00,0.000000E+00,5.545358E-02,6.551911E+02,4.933442E-01,5.787450E+03,7.952424E+03,1.479392E-01,3.509937E+03,5.545358E-02,0.000000E+00,0.000000E+00,3.289578E-02,3.886678E+02,4.739059E-01,5.472443E+03,6.860251E+03,9.247940E-02,2.172259E+03,3.289578E-02,0.000000E+00,0.000000E+00,5.545358E-02,6.551911E+02,5.204062E-01,6.091969E+03,8.269502E+03,1.398660E-01,3.355798E+03,5.545358E-02,0.000000E+00,0.000000E+00,3.289578E-02,3.886678E+02,3.252584E-01,3.799982E+03,5.139625E+03,9.227132E-02,2.168286E+03,3.289578E-02,0.000000E+00,0.000000E+00
08:10:00,7.315150E-02,8.486986E+02,5.419429E-01,6.426265E+03,8.475980E+03,7.315150E-02,2.300767E+03,7.315150E-02,0.000000E+00,0.000000E+00,5.545358E-02,6.433685E+02,4.946024E-01,5.813449E+03,7.976942E+03,1.479376E-01,3.509905E+03,5.545358E-02,0.000000E+00,0.000000E+00,3.289578E-02,3.816545E+02,4.840394E-01,5.593491E+03,6.984855E+03,9.247839E-02,2.172239E+03,3.289578E-02,0.000000E+00,0.000000E+00,5.545358E-02,6.433685E+02,5.159291E-01,6.053440E+03,8.227395E+03,1.398645E-01,3.355767E+03,5.545358E-02,0.000000E+00,0.000000E+00,3.289578E-02,3.816545E+02,3.248871E-01,3.802821E+03,5.141485E+03,9.227032E-02,2.168266E+03,3.289578E-02,0.000000E+00,0.000000E+00
08:20:00,7.315150E-02,8.331029E+02,5.380211E-01,6.397735E+03,8.447093E+03,7.315150E-02,2.300767E+03,7.315150E-02,0.000000E+00,0.000000E+00,5.545358E-02,6.315459E+02,4.963114E-01,5.844541E+03,8.007315E+03,1.479362E-01,3.509878E+03,5.545358E-02,0.000000E+00,0.000000E+00,3.289578E-02,3.746412E+02,4.931079E-01,5.702586E+03,7.096512E+03,9.247754E-02,2.172222E+03,3.289578E-02,0.000000E+00,0.000000E+00,5.545358E-02,6.315459E+02,5.121871E-01,6.023202E+03,8.195273E+03,1.398631E-01,3.355741E+03,5.545358E-02,0.000000E+00,0.000000E+00,3.289578E-02,3.746412E+02,3.248794E-01,3.809770E+03,5.147785E+03,9.226946E-02,2.168249E+03,3.289578E-02,0.000000E+00,0.000000E+00
08:30:00,7.315150E-02,8.175072E+02,5.346502E-01,6.375416E+03,8.423574E+03,7.315150E-02,2.300767E+03,7.315150E-02,0.000000E+00,0.000000E+00,5.545358E-02,6.197234E+02,4.984206E-01,5.880170E+03,8.044653E+03,1.479351E-01,3.509855E+03,5.545358E-02,0.000000E+00,0.000000E+00,3.289578E-02,3.676279E+02,5.010920E-01,5.799520E+03,7.198662E+03,9.247681E-02,2.172207E+03,3.289578E-02,0.000000E+00,0.000000E+00,5.545358E-02,6.197234E+02,5.094397E-01,6.004187E+03,8.173134E+03,1.398620E-01,3.355718E+03,5.545358E-02,0.000000E+00,0.000000E+00,3.289578E-02,3.676279E+02,3.252125E-01,3.820579E+03,5.158688E+03,9.226874E-02,2.168234E+03,3.289578E-02,0.000000E+00,0.000000E+00
08:40:00,7.315150E-02,8.019115E+02,5.317374E-01,6.358243E+03,8.405250E+03,7.315150E-02,2.300767E+03,7.315150E-02,0.000000E+00,0.000000E+00,5.545358E-02,6.079008E+02,5.007184E-01,5.917887E+03,8.084324E+03,1.479341E-01,3.509835E+03,5.545358E-02,0.000000E+00,0.000000E+00,3.289578E-02,3.606146E+02,5.078824E-01,5.882990E+03,7.286779E+03,9.247619E-02,2.172195E+03,3.289578E-02,0.000000E+00,0.000000E+00,5.545358E-02,6.079008E+02,5.076520E-01,5.995933E+03,8.161513E+03,1.398610E-01,3.355699E+03,5.545358E-02,0.000000E+00,0.000000E+00,3.289578E-02,3.606146E+02,3.257631E-01,3.833812E+03,5.172147E+03,9.226812E-02,2.168222E+03,3.289578E-02,0.000000E+00,0.000000E+00
08:50:00,7.315150E-02,7.863158E+02,5.292794E-01,6.346198E+03,8.393221E+03,7.315150E-02,2.300767E+03,7.315150E-02,0.000000E+00,0.000000E+00,5.545358E-02,5.960783E+02,5.031891E-01,5.957578E+03,8.124726E+03,1.479332E-01,3.509818E+03,5.545358E-02,0.000000E+00,0.000000E+00,3.289578E-02,3.536013E+02,5.136440E-01,5.954912E+03,7.359897E+03,9.247566E-02,2.172184E+03,3.289578E-02,0.000000E+00,0.000000E+00,5.545358E-02,5.960783E+02,5.069161E-01,5.999542E+03,8.164391E+03,1.398602E-01,3.355682E+03,5.545358E-02,0.000000E+00,0.000000E+00,3.289578E-02,3.536013E+02,3.265253E-01,3.849447E+03,5.188002E+03,9.226759E-02,2.168212E+03,3.289578E-02,0.000000E+00,0.000000E+00
09:00:00,7.315150E-02,7.707200E+02,5.272331E-01,6.338788E+03,8.386495E+03,7.315150E-02,2.300767E+03,7.315150E-02,0.000000E+00,0.000000E+00,5.545358E-02,5.842557E+02,5.055644E-01,5.996199E+03,8.162701E+03,1.479325E-01,3.509804E+03,5.545358E-02,0.000000E+00,0.000000E+00,3.289578E-02,3.465880E+02,5.180412E-01,6.011484E+03,7.416135E+03,9.247519E-02,2.172175E+03,3.289578E-02,0.000000E+00,0.000000E+00,5.545358E-02,5.842557E+02,5.070406E-01,6.012830E+03,8.177879E+03,1.398595E-01,3.355667E+03,5.545358E-02,0.000000E+00,0.000000E+00,3.289578E-02,3.465880E+02,3.273467E-01,3.865749E+03,5.204100E+03,9.226713E-02,2.168202E+03,3.289578E-02,0.000000E+00,0.000000E+00
09:10:00,7.315150E-02,7.567660E+02,5.255418E-01,6.333731E+03,8.381822E+03,7.315150E-02,2.300767E+03,7.315150E-02,0.000000E+00,0.000000E+00,5.545358E-02,5.736776E+02,5.079205E-01,6.033359E+03,8.200006E+03,1.479319E-01,3.509791E+03,5.545358E-02,0.000000E+00,0.000000E+00,3.289578E-02,3.403129E+02,5.213410E-01,6.054970E+03,7.460888E+03,9.247479E-02,2.172167E+03,3.289578E-02,0.000000E+00,0.000000E+00,5.545358E-02,5.736776E+02,5.080275E-01,6.034578E+03,8.200369E+03,1.398588E-01,3.355655E+03,5.545358E-02,0.000000E+00,0.000000E+00,3.289578E-02,3.403129E+02,3.282659E-01,3.882413E+03,5.220790E+03,9.226673E-02,2.168195E+03,3.289578E-02,0.000000E+00,0.000000E+00
09:20:00,7.315150E-02,7.428119E+02,5.241680E-01,6.332236E+03,8.380602E+03,7.315150E-02,2.300767E+03,7.315150E-02,0.000000E+00,0.000000E+00,5.545358E-02,5.630995E+02,5.103040E-01,6.070797E+03,8.238120E+03,1.479313E-01,3.509780E+03,5.545358E-02,0.000000E+00,0.000000E+00,3.289578E-02,3.340379E+02,5.233925E-01,6.084377E+03,7.491714E+03,9.247444E-02,2.172160E+03,3.289578E-02,0.000000E+00,0.000000E+00,5.545358E-02,5.630995E+02,5.093664E-01,6.060257E+03,8.226832E+03,1.398583E-01,3.355644E+03,5.545358E-02,0.000000E+00,0.000000E+00,3.289578E-02,3.340379E+02,3.292999E-01,3.900349E+03,5.238979E+03,9.226638E-02,2.168188E+03,3.289578E-02,0.000000E+00,0.000000E+00
09:30:00,7.315150E-02,7.288578E+02,5.230326E-01,6.333412E+03,8.381990E+03,7.315150E-02,2.300767E+03,7.315150E-02,0.000000E+00,0.000000E+00,5.545358E-02,5.525214E+02,5.126204E-01,6.107443E+03,8.275541E+03,1.479308E-01,3.509771E+03,5.545358E-02,0.000000E+00,0.000000E+00,3.289578E-02,3.277628E+02,5.236219E-01,6.093240E+03,7.501764E+03,9.247413E-02,2.172154E+03,3.289578E-02,0.000000E+00,0.000000E+00,5.545358E-02,5.525214E+02,5.108503E-01,6.087532E+03,8.254767E+03,1.398578E-01,3.355634E+03,5.545358E-02,0.000000E+00,0.000000E+00,3.289578E-02,3.277628E+02,3.303772E-01,3.918746E+03,5.257675E+03,9.226606E-02,2.168182E+03,3.289578E-02,0.000000E+00,0.000000E+00
09:40:00,7.315150E-02,7.149038E+02,5.221468E-01,6.337409E+03,8.386213E+03,7.315150E-02,2.300767E+03,7.315150E-02,0.000000E+00,0.000000E+00,5.545358E-02,5.419434E+02,5.149788E-01,6.144593E+03,8.313658E+03,1.479304E-01,3.509762E+03,5.545358E-02,0.000000E+00,0.000000E+00,3.289578E-02,3.214878E+02,5.219800E-01,6.081078E+03,7.491412E+03,9.247385E-02,2.172149E+03,3.289578E-02,0.000000E+00,0.000000E+00,5.545358E-02,5.419434E+02,5.125406E-01,6.117162E+03,8.285171E+03,1.398573E-01,3.355626E+03,5.545358E-02,0.000000E+00,0.000000E+00,3.289578E-02,3.214878E+02,3.315509E-01,3.938250E+03,5.277604E+03,9.226579E-02,2.168176E+03,3.289578E-02,0.000000E+00,0.000000E+00
09:50:00,7.315150E-02,7.009497E+02,5.214558E-01,6.343586E+03,8.392623E+03,7.315150E-02,2.300767E+03,7.315150E-02,0.000000E+00,0.000000E+00,5.545358E-02,5.313653E+02,5.173239E-01,6.181562E+03,8.351598E+03,1.479300E-01,3.509754E+03,5.545358E-02,0.000000E+00,0.000000E+00,3.289578E-02,3.152127E+02,5.183967E-01,6.047040E+03,7.459185E+03,9.247360E-02,2.172144E+03,3.289578E-02,0.000000E+00,0.000000E+00,5.545358E-02,5.313653E+02,5.143425E-01,6.148017E+03,8.316798E+03,1.398569E-01,3.355618E+03,5.545358E-02,0.000000E+00,0.000000E+00,3.289578E-02,3.152127E+02,3.327728E-01,3.958277E+03,5.298075E+03,9.226554E-02,2.168171E+03,3.289578E-02,0.000000E+00,0.000000E+00
10:00:00,7.315150E-02,6.869957E+02,5.209379E-01,6.351711E+03,8.401001E+03,7.315150E-02,2.300767E+03,7.315150E-02,0.000000E+00,0.000000E+00,5.545358E-02,5.207872E+02,5.196668E-01,6.218505E+03,8.389493E+03,1.479296E-01,3.509747E+03,5.545358E-02,0.000000E+00,0.000000E+00,3.289578E-02,3.089377E+02,5.128712E-01,5.991143E+03,7.404227E+03,9.247337E-02,2.172139E+03,3.289578E-02,0.000000E+00,0.000000E+00,5.545358E-02,5.207872E+02,5.162304E-01,6.179839E+03,8.349395E+03,1.398566E-01,3.355611E+03,5.545358E-02,0.000000E+00,0.000000E+00,3.289578E-02,3.089377E+02,3.340348E-01,3.978753E+03,5.319000E+03,9.226531E-02,2.168167E+03,3.289578E-02,0.000000E+00,0.000000E+00
10:10:00,7.315150E-02,6.746832E+02,5.205747E-01,6.359936E+03,8.409466E+03,7.315150E-02,2.300767E+03,7.315150E-02,0.000000E+00,0.000000E+00,5.545358E-02,5.114536E+02,5.220175E-01,6.254291E+03,8.426196E+03,1.479293E-01,3.509741E+03,5.545358E-02,0.000000E+00,0.000000E+00,3.289578E-02,3.034009E+02,5.054259E-01,5.912904E+03,7.325629E+03,9.247316E-02,2.172135E+03,3.289578E-02,0.000000E+00,0.000000E+00,5.545358E-02,5.114536E+02,5.181843E-01,6.211159E+03,8.381475E+03,1.398563E-01,3.355605E+03,5.545358E-02,0.000000E+00,0.000000E+00,3.289578E-02,3.034009E+02,3.353295E-01,3.998858E+03,5.339550E+03,9.226511E-02,2.168163E+03,3.289578E-02,0.000000E+00,0.000000E+00
10:20:00,7.315150E-02,6.623708E+02,5.203680E-01,6.369921E+03,8.419724E+03,7.315150E-02,2.300767E+03,7.315150E-02,0.000000E+00,0.000000E+00,5.545358E-02,5.021200E+02,5.245604E-01,6.292239E+03,8.466030E+03,1.479290E-01,3.509735E+03,5.545358E-02,0.000000E+00,0.000000E+00,3.289578E-02,2.978640E+02,4.961737E-01,5.814333E+03,7.223310E+03,9.247297E-02,2.172132E+03,3.289578E-02,0.000000E+00,0.000000E+00,5.545358E-02,5.021200E+02,5.203389E-01,6.244738E+03,8.416670E+03,1.398560E-01,3.355599E+03,5.545358E-02,0.000000E+00,0.000000E+00,3.289578E-02,2.978640E+02,3.367509E-01,4.020389E+03,5.362103E+03,9.226492E-02,2.168159E+03,3.289578E-02,0.000000E+00,0.000000E+00
10:30:00,7.315150E-02,6.500584E+02,5.202798E-01,6.381220E+03,8.431299E+03,7.315150E-02,2.300767E+03,7.315150E-02,0.000000E+00,0.000000E+00,5.545358E-02,4.927864E+02,5.271176E-01,6.330287E+03,8.505919E+03,1.479287E-01,3.509730E+03,5.545358E-02,0.000000E+00,0.000000E+00,3.289578E-02,2.923272E+02,4.858348E-01,5.703484E+03,7.107360E+03,9.247279E-02,2.172128E+03,3.289578E-02,0.000000E+00,0.000000E+00,5.545358E-02,4.927864E+02,5.225227E-01,6.278585E+03,8.452108E+03,1.398557E-01,3.355594E+03,5.545358E-02,0.000000E+00,0.000000E+00,3.289578E-02,2.923272E+02,3.381892E-01,4.042071E+03,5.384776E+03,9.226474E-02,2.168156E+03,3.289578E-02,0.000000E+00,0.000000E+00
10:40:00,7.315150E-02,6.377460E+02,5.203166E-01,6.393923E+03,8.444352E+03,7.315150E-02,2.300767E+03,7.315150E-02,0.000000E+00,0.000000E+00,5.545358E-02,4.834528E+02,5.296886E-01,6.368480E+03,8.544941E+03,1.479285E-01,3.509725E+03,5.545358E-02,0.000000E+00,0.000000E+00,3.289578E-02,2.867904E+02,4.746608E-01,5.583231E+03,6.984265E+03,9.247263E-02,2.172125E+03,3.289578E-02,0.000000E+00,0.000000E+00,5.545358E-02,4.834528E+02,5.247365E-01,6.312758E+03,8.487026E+03,1.398554E-01,3.355589E+03,5.545358E-02,0.000000E+00,0.000000E+00,3.289578E-02,2.867904E+02,3.396418E-01,4.063906E+03,5.407042E+03,9.226458E-02,2.168153E+03,3.289578E-02,0.000000E+00,0.000000E+00
10:50:00,7.315150E-02,6.254336E+02,5.204651E-01,6.407882E+03,8.458685E+03,7.315150E-02,2.300767E+03,7.315150E-02,0.000000E+00,0.000000E+00,5.545358E-02,4.741192E+02,5.322535E-01,6.406602E+03,8.584015E+03,1.479282E-01,3.509720E+03,5.545358E-02,0.000000E+00,0.000000E+00,3.289578E-02,2.812536E+02,4.628086E-01,5.455347E+03,6.852895E+03,9.247247E-02,2.172122E+03,3.289578E-02,0.000000E+00,0.000000E+00,5.545358E-02,4.741192E+02,5.269565E-01,6.347000E+03,8.522115E+03,1.398552E-01,3.355584E+03,5.545358E-02,0.000000E+00,0.000000E+00,3.289578E-02,2.812536E+02,3.410928E-01,4.085721E+03,5.429371E+03,9.226442E-02,2.168150E+03,3.289578E-02,0.000000E+00,0.000000E+00
11:00:00,7.315150E-02,6.131212E+02,5.207193E-01,6.423032E+03,8.474237E+03,7.315150E-02,2.300767E+03,7.315150E-02,0.000000E+00,0.000000E+00,5.545358E-02,4.647856E+02,5.348014E-01,6.444533E+03,8.623062E+03,1.479280E-01,3.509716E+03,5.545358E-02,0.000000E+00,0.000000E+00,3.289578E-02,2.757168E+02,4.504524E-01,5.321794E+03,6.715283E+03,9.247232E-02,2.172119E+03,3.289578E-02,0.000000E+00,0.000000E+00,5.545358E-02,4.647856E+02,5.291721E-01,6.381193E+03,8.557287E+03,1.398550E-01,3.355580E+03,5.545358E-02,0.000000E+00,0.000000E+00,3.289578E-02,2.757168E+02,3.425353E-01,4.107440E+03,5.451699E+03,9.226428E-02,2.168147E+03,3.289578E-02,0.000000E+00,0.000000E+00
11:10:00,7.315150E-02,6.049129E+02,5.210736E-01,6.435203E+03,8.486741E+03,7.315150E-02,2.300767E+03,7.315150E-02,0.000000E+00,0.000000E+00,5.545358E-02,4.585632E+02,5.372809E-01,6.478581E+03,8.658166E+03,1.479278E-01,3.509712E+03,5.545358E-02,0.000000E+00,0.000000E+00,3.289578E-02,2.720256E+02,4.377620E-01,5.182639E+03,6.571582E+03,9.247218E-02,2.172116E+03,3.289578E-02,0.000000E+00,0.000000E+00,5.545358E-02,4.585632E+02,5.313376E-01,6.411708E+03,8.588710E+03,1.398548E-01,3.355576E+03,5.545358E-02,0.000000E+00,0.000000E+00,3.289578E-02,2.720256E+02,3.439396E-01,4.126884E+03,5.471711E+03,9.226414E-02,2.168144E+03,3.289578E-02,0.000000E+00,0.000000E+00
11:20:00,7.315150E-02,5.967047E+02,5.215052E-01,6.448244E+03,8.500124E+03,7.315150E-02,2.300767E+03,7.315150E-02,0.000000E+00,0.000000E+00,5.545358E-02,4.523408E+02,5.394960E-01,6.509654E+03,8.690047E+03,1.479276E-01,3.509708E+03,5.545358E-02,0.000000E+00,0.000000E+00,3.289578E-02,2.683344E+02,4.250926E-01,5.043722E+03,6.428153E+03,9.247205E-02,2.172114E+03,3.289578E-02,0.000000E+00,0.000000E+00,5.545358E-02,4.523408E+02,5.332886E-01,6.439811E+03,8.617517E+03,1.398546E-01,3.355572E+03,5.545358E-02,0.000000E+00,0.000000E+00,3.289578E-02,2.683344E+02,3.451972E-01,4.144677E+03,5.489944E+03,9.226401E-02,2.168142E+03,3.289578E-02,0.000000E+00,0.000000E+00
11:30:00,7.315150E-02,5.884964E+02,5.220365E-01,6.462428E+03,8.514685E+03,7.315150E-02,2.300767E+03,7.315150E-02,0.000000E+00,0.000000E+00,5.545358E-02,4.461184E+02,5.416162E-01,6.539721E+03,8.721020E+03,1.479274E-01,3.509704E+03,5.545358E-02,0.000000E+00,0.000000E+00,3.289578E-02,2.646432E+02,4.139240E-01,4.921737E+03,6.303878E+03,9.247192E-02,2.172111E+03,3.289578E-02,0.000000E+00,0.000000E+00,5.545358E-02,4.461184E+02,5.351761E-01,6.467261E+03,8.645779E+03,1.398544E-01,3.355569E+03,5.545358E-02,0.000000E+00,0.000000E+00,3.289578E-02,2.646432E+02,3.464054E-01,4.161955E+03,5.507730E+03,9.226388E-02,2.168139E+03,3.289578E-02,0.000000E+00,0.000000E+00
11:40:00,7.315150E-02,5.802881E+02,5.226552E-01,6.477599E+03,8.530255E+03,7.315150E-02,2.300767E+03,7.315150E-02,0.000000E+00,0.000000E+00,5.545358E-02,4.398960E+02,5.436386E-01,6.568700E+03,8.750917E+03,1.479272E-01,3.509701E+03,5.545358E-02,0.000000E+00,0.000000E+00,3.289578E-02,2.609519E+02,4.047150E-01,4.821806E+03,6.200716E+03,9.247180E-02,2.172109E+03,3.289578E-02,0.000000E+00,0.000000E+00,5.545358E-02,4.398960E+02,5.369897E-01,6.493889E+03,8.673234E+03,1.398542E-01,3.355565E+03,5.545358E-02,0.000000E+00,0.000000E+00,3.289578E-02,2.609519E+02,3.475563E-01,4.178595E+03,5.524880E+03,9.226376E-02,2.168137E+03,3.289578E-02,0.000000E+00,0.000000E+00
11:50:00,7.315150E-02,5.720798E+02,5.233726E-01,6.493880E+03,8.546965E+03,7.315150E-02,2.300767E+03,7.315150E-02,0.000000E+00,0.000000E+00,5.545358E-02,4.336736E+02,5.455818E-01,6.596787E+03,8.779875E+03,1.479270E-01,3.509697E+03,5.545358E-02,0.000000E+00,0.000000E+00,3.289578E-02,2.572607E+02,3.976151E-01,4.745603E+03,6.119331E+03,9.247168E-02,2.172107E+03,3.289578E-02,0.000000E+00,0.000000E+00,5.545358E-02,4.336736E+02,5.387482E-01,6.519898E+03,8.700035E+03,1.398540E-01,3.355562E+03,5.545358E-02,0.000000E+00,0.000000E+00,3.289578E-02,2.572607E+02,3.486570E-01,4.194671E+03,5.541430E+03,9.226364E-02,2.168135E+03,3.289578E-02,0.000000E+00,0.000000E+00
12:00:00,7.315150E-02,5.638716E+02,5.241925E-01,6.511315E+03,8.564854E+03,7.315150E-02,2.300767E+03,7.315150E-02,0.000000E+00,0.000000E+00,5.545358E-02,4.274512E+02,5.474549E-01,6.624086E+03,8.807942E+03,1.479269E-01,3.509694E+03,5.545358E-02,0.000000E+00,0.000000E+00,3.289578E-02,2.535695E+02,3.926958E-01,4.693934E+03,6.062158E+03,9.247157E-02,2.172105E+03,3.289578E-02,0.000000E+00,0.000000E+00,5.545358E-02,4.274512E+02,5.404601E-01,6.545383E+03,8.726226E+03,1.398539E-01,3.355559E+03,5.545358E-02,0.000000E+00,0.000000E+00,3.289578E-02,2.535695E+02,3.497086E-01,4.210196E+03,5.557366E+03,9.226353E-02,2.168133E+03,3.289578E-02,0.000000E+00,0.000000E+00
12:10:00,7.315150E-02,5.573050E+02,5.251175E-01,6.528290E+03,8.582271E+03,7.315150E-02,2.300767E+03,7.315150E-02,0.000000E+00,0.000000E+00,5.545358E-02,4.224732E+02,5.493106E-01,6.649946E+03,8.834490E+03,1.479267E-01,3.509691E+03,5.545358E-02,0.000000E+00,0.000000E+00,3.289578E-02,2.506166E+02,3.899911E-01,4.666446E+03,6.030846E+03,9.247146E-02,2.172102E+03,3.289578E-02,0.000000E+00,0.000000E+00,5.545358E-02,4.224732E+02,5.421716E-01,6.569619E+03,8.751100E+03,1.398537E-01,3.355555E+03,5.545358E-02,0.000000E+00,0.000000E+00,3.289578E-02,2.506166E+02,3.507387E-01,4.224740E+03,5.572273E+03,9.226342E-02,2.168130E+03,3.289578E-02,0.000000E+00,0.000000E+00
12:20:00,7.315150E-02,5.507383E+02,5.261489E-01,6.546464E+03,8.600914E+03,7.315150E-02,2.300767E+03,7.315150E-02,0.000000E+00,0.000000E+00,5.545358E-02,4.174953E+02,5.511880E-01,6.676048E+03,8.861346E+03,1.479265E-01,3.509688E+03,5.545358E-02,0.000000E+00,0.000000E+00,3.289578E-02,2.476636E+02,3.894519E-01,4.663321E+03,6.026800E+03,9.247135E-02,2.172100E+03,3.289578E-02,0.000000E+00,0.000000E+00,5.545358E-02,4.174953E+02,5.439156E-01,6.594221E+03,8.776405E+03,1.398535E-01,3.355552E+03,5.545358E-02,0.000000E+00,0.000000E+00,3.289578E-02,2.476636E+02,3.517666E-01,4.239258E+03,5.587196E+03,9.226331E-02,2.168128E+03,3.289578E-02,0.000000E+00,0.000000E+00
12:30:00,7.315150E-02,5.441717E+02,5.272852E-01,6.565818E+03,8.620762E+03,7.315150E-02,2.300767E+03,7.315150E-02,0.000000E+00,0.000000E+00,5.545358E-02,4.125174E+02,5.531361E-01,6.702947E+03,8.889099E+03,1.479264E-01,3.509685E+03,5.545358E-02,0.000000E+00,0.000000E+00,3.289578E-02,2.447106E+02,3.896145E-01,4.668094E+03,6.031471E+03,9.247125E-02,2.172098E+03,3.289578E-02,0.000000E+00,0.000000E+00,5.545358E-02,4.125174E+02,5.457313E-01,6.619629E+03,8.802608E+03,1.398534E-01,3.355550E+03,5.545358E-02,0.000000E+00,0.000000E+00,3.289578E-02,2.447106E+02,3.528182E-01,4.254045E+03,5.602437E+03,9.226321E-02,2.168126E+03,3.289578E-02,0.000000E+00,0.000000E+00
12:40:00,7.315150E-02,5.376051E+02,5.285194E-01,6.586273E+03,8.641739E+03,7.315150E-02,2.300767E+03,7.315150E-02,0.000000E+00,0.000000E+00,5.545358E-02,4.075395E+02,5.552126E-01,6.731289E+03,8.918370E+03,1.479262E-01,3.509682E+03,5.545358E-02,0.000000E+00,0.000000E+00,3.289578E-02,2.417577E+02,3.901045E-01,4.676552E+03,6.040061E+03,9.247115E-02,2.172097E+03,3.289578E-02,0.000000E+00,0.000000E+00,5.545358E-02,4.075395E+02,5.476640E-01,6.646355E+03,8.830198E+03,1.398532E-01,3.355547E+03,5.545358E-02,0.000000E+00,0.000000E+00,3.289578E-02,2.417577E+02,3.539277E-01,4.269481E+03,5.618358E+03,9.226311E-02,2.168125E+03,3.289578E-02,0.000000E+00,0.000000E+00
12:50:00,7.315150E-02,5.310385E+02,5.298429E-01,6.607733E+03,8.663745E+03,7.315150E-02,2.300767E+03,7.315150E-02,0.000000E+00,0.000000E+00,5.545358E-02,4.025616E+02,5.574596E-01,6.761551E+03,8.949562E+03,1.479261E-01,3.509679E+03,5.545358E-02,0.000000E+00,0.000000E+00,3.289578E-02,2.388047E+02,3.908588E-01,4.687987E+03,6.051708E+03,9.247105E-02,2.172095E+03,3.289578E-02,0.000000E+00,0.000000E+00,5.545358E-02,4.025616E+02,5.497463E-01,6.674762E+03,8.859479E+03,1.398531E-01,3.355544E+03,5.545358E-02,0.000000E+00,0.000000E+00,3.289578E-02,2.388047E+02,3.551219E-01,4.285872E+03,5.635220E+03,9.226301E-02,2.168123E+03,3.289578E-02,0.000000E+00,0.000000E+00
13:00:00,7.315150E-02,5.244719E+02,5.312472E-01,6.630104E+03,8.686678E+03,7.315150E-02,2.300767E+03,7.315150E-02,0.000000E+00,0.000000E+00,5.545358E-02,3.975836E+02,5.598966E-01,6.793949E+03,8.982847E+03,1.479259E-01,3.509676E+03,5.545358E-02,0.000000E+00,0.000000E+00,3.289578E-02,2.358517E+02,3.918357E-01,4.701929E+03,6.065870E+03,9.247095E-02,2.172093E+03,3.289578E-02,0.000000E+00,0.000000E+00,5.545358E-02,3.975836E+02,5.519923E-01,6.705012E+03,8.890570E+03,1.398530E-01,3.355541E+03,5.545358E-02,0.000000E+00,0.000000E+00,3.289578E-02,2.358517E+02,3.564154E-01,4.303379E+03,5.653163E+03,9.226292E-02,2.168121E+03,3.289578E-02,0.000000E+00,0.000000E+00
13:10:00,7.315150E-02,5.203677E+02,5.327254E-01,6.650842E+03,8.707937E+03,7.315150E-02,2.300767E+03,7.315150E-02,0.000000E+00,0.000000E+00,5.545358E-02,3.944724E+02,5.625123E-01,6.826491E+03,9.016199E+03,1.479258E-01,3.509673E+03,5.545358E-02,0.000000E+00,0.000000E+00,3.289578E-02,2.340061E+02,3.929916E-01,4.716779E+03,6.080918E+03,9.247086E-02,2.172091E+03,3.289578E-02,0.000000E+00,0.000000E+00,5.545358E-02,3.944724E+02,5.543914E-01,6.735117E+03,8.921447E+03,1.398528E-01,3.355539E+03,5.545358E-02,0.000000E+00,0.000000E+00,3.289578E-02,2.340061E+02,3.578049E-01,4.320858E+03,5.671027E+03,9.226283E-02,2.168119E+03,3.289578E-02,0.000000E+00,0.000000E+00
13:20:00,7.315150E-02,5.162636E+02,5.342702E-01,6.672331E+03,8.729964E+03,7.315150E-02,2.300767E+03,7.315150E-02,0.000000E+00,0.000000E+00,5.545358E-02,3.913612E+02,5.652765E-01,6.860704E+03,9.051339E+03,1.479256E-01,3.509671E+03,5.545358E-02,0.000000E+00,0.000000E+00,3.289578E-02,2.321605E+02,3.942834E-01,4.733159E+03,6.097600E+03,9.247077E-02,2.172089E+03,3.289578E-02,0.000000E+00,0.000000E+00,5.545358E-02,3.913612E+02,5.569167E-01,6.766642E+03,8.953850E+03,1.398527E-01,3.355536E+03,5.545358E-02,0.000000E+00,0.000000E+00,3.289578E-02,2.321605E+02,3.592754E-01,4.339249E+03,5.689878E+03,9.226274E-02,2.168117E+03,3.289578E-02,0.000000E+00,0.000000E+00
13:30:00,7.315150E-02,5.121595E+02,5.358739E-01,6.694483E+03,8.752660E+03,7.315150E-02,2.300767E+03,7.315150E-02,0.000000E+00,0.000000E+00,5.545358E-02,3.882500E+02,5.681389E-01,6.896022E+03,9.087744E+03,1.479255E-01,3.509668E+03,5.545358E-02,0.000000E+00,0.000000E+00,3.289578E-02,2.303149E+02,3.956631E-01,4.750527E+03,6.115395E+03,9.247068E-02,2.172088E+03,3.289578E-02,0.000000E+00,0.000000E+00,5.545358E-02,3.882500E+02,5.595274E-01,6.799128E+03,8.987349E+03,1.398526E-01,3.355534E+03,5.545358E-02,0.000000E+00,0.000000E+00,3.289578E-02,2.303149E+02,3.608013E-01,4.358264E+03,5.709452E+03,9.226265E-02,2.168116E+03,3.289578E-02,0.000000E+00,0.000000E+00
13:40:00,7.315150E-02,5.080553E+02,5.375269E-01,6.717189E+03,8.775923E+03,7.315150E-02,2.300767E+03,7.315150E-02,0.000000E+00,0.000000E+00,5.545358E-02,3.851388E+02,5.710308E-01,6.931673E+03,9.124565E+03,1.479254E-01,3.509666E+03,5.545358E-02,0.000000E+00,0.000000E+00,3.289578E-02,2.284693E+02,3.970768E-01,4.768279E+03,6.133646E+03,9.247059E-02,2.172086E+03,3.289578E-02,0.000000E+00,0.000000E+00,5.545358E-02,3.851388E+02,5.621666E-01,6.831934E+03,9.021243E+03,1.398524E-01,3.355531E+03,5.545358E-02,0.000000E+00,0.000000E+00,3.289578E-02,2.284693E+02,3.632976E-01,4.388197E+03,5.741775E+03,9.226256E-02,2.168114E+03,3.289578E-02,0.000000E+00,0.000000E+00
13:50:00,7.315150E-02,5.039512E+02,5.392266E-01,6.740421E+03,8.799725E+03,7.315150E-02,2.300767E+03,7.315150E-02,0.000000E+00,0.000000E+00,5.545358E-02,3.820276E+02,5.738994E-01,6.967061E+03,9.161134E+03,1.479252E-01,3.509663E+03,5.545358E-02,0.000000E+00,0.000000E+00,3.289578E-02,2.266237E+02,3.984813E-01,4.785928E+03,6.151808E+03,9.247050E-02,2.172084E+03,3.289578E-02,0.000000E+00,0.000000E+00,5.545358E-02,3.820276E+02,5.647917E-01,6.864584E+03,9.054988E+03,1.398523E-01,3.355529E+03,5.545358E-02,0.000000E+00,0.000000E+00,3.289578E-02,2.266237E+02,3.676751E-01,4.439294E+03,5.796245E+03,9.226248E-02,2.168112E+03,3.289578E-02,0.000000E+00,0.000000E+00
14:00:00,7.315150E-02,4.998470E+02,5.409714E-01,6.764160E+03,8.824043E+03,7.315150E-02,2.300767E+03,7.315150E-02,0.000000E+00,0.000000E+00,5.545358E-02,3.789164E+02,5.767099E-01,7.001795E+03,9.196997E+03,1.479251E-01,3.509661E+03,5.545358E-02,0.000000E+00,0.000000E+00,3.289578E-02,2.247781E+02,3.998443E-01,4.803109E+03,6.169476E+03,9.247042E-02,2.172083E+03,3.289578E-02,0.000000E+00,0.000000E+00,5.545358E-02,3.789164E+02,5.673751E-01,6.896762E+03,9.088219E+03,1.398522E-01,3.355527E+03,5.545358E-02,0.000000E+00,0.000000E+00,3.289578E-02,2.247781E+02,3.742113E-01,4.514677E+03,5.873564E+03,9.226239E-02,2.168111E+03,3.289578E-02,0.000000E+00,0.000000E+00
14:10:00,7.315150E-02,4.998470E+02,5.427594E-01,6.784281E+03,8.844659E+03,7.315150E-02,2.300767E+03,7.315150E-02,0.000000E+00,0.000000E+00,5.545358E-02,3.789164E+02,5.794144E-01,7.032226E+03,9.228349E+03,1.479250E-01,3.509658E+03,5.545358E-02,0.000000E+00,0.000000E+00,3.289578E-02,2.247781E+02,4.011275E-01,4.817548E+03,6.184287E+03,9.247034E-02,2.172081E+03,3.289578E-02,0.000000E+00,0.000000E+00,5.545358E-02,3.789164E+02,5.698757E-01,6.924900E+03,9.117218E+03,1.398521E-01,3.355524E+03,5.545358E-02,0.000000E+00,0.000000E+00,3.289578E-02,2.247781E+02,3.830280E-01,4.613872E+03,5.973242E+03,9.226231E-02,2.168109E+03,3.289578E-02,0.000000E+00,0.000000E+00
14:20:00,7.315150E-02,4.998470E+02,5.445883E-01,6.804863E+03,8.865740E+03,7.315150E-02,2.300767E+03,7.315150E-02,0.000000E+00,0.000000E+00,5.545358E-02,3.789164E+02,5.819955E-01,7.061269E+03,9.258339E+03,1.479249E-01,3.509656E+03,5.545358E-02,0.000000E+00,0.000000E+00,3.289578E-02,2.247781E+02,4.023130E-01,4.830887E+03,6.198036E+03,9.247026E-02,2.172080E+03,3.289578E-02,0.000000E+00,0.000000E+00,5.545358E-02,3.789164E+02,5.722802E-01,6.951956E+03,9.145168E+03,1.398520E-01,3.355522E+03,5.545358E-02,0.000000E+00,0.000000E+00,3.289578E-02,2.247781E+02,3.942147E-01,4.739730E+03,6.099972E+03,9.226223E-02,2.168108E+03,3.289578E-02,0.000000E+00,0.000000E+00
14:30:00,7.315150E-02,4.998470E+02,5.464550E-01,6.825869E+03,8.887249E+03,7.315150E-02,2.300767E+03,7.315150E-02,0.000000E+00,0.000000E+00,5.545358E-02,3.789164E+02,5.844397E-01,7.088773E+03,9.286851E+03,1.479248E-01,3.509654E+03,5.545358E-02,0.000000E+00,0.000000E+00,3.289578E-02,2.247781E+02,4.033872E-01,4.842974E+03,6.210581E+03,9.247018E-02,2.172078E+03,3.289578E-02,0.000000E+00,0.000000E+00,5.545358E-02,3.789164E+02,5.745775E-01,6.977805E+03,9.171971E+03,1.398518E-01,3.355520E+03,5.545358E-02,0.000000E+00,0.000000E+00,3.289578E-02,2.247781E+02,4.078169E-01,4.892766E+03,6.255932E+03,9.226216E-02,2.168106E+03,3.289578E-02,0.000000E+00,0.000000E+00
14:40:00,7.315150E-02,4.998470E+02,5.483552E-01,6.847254E+03,8.909140E+03,7.315150E-02,2.300767E+03,7.315150E-02,0.000000E+00,0.000000E+00,5.545358E-02,3.789164E+02,5.865800E-01,7.112856E+03,9.311662E+03,1.479246E-01,3.509651E+03,5.545358E-02,0.000000E+00,0.000000E+00,3.289578E-02,2.247781E+02,4.042522E-01,4.852708E+03,6.220617E+03,9.247010E-02,2.172077E+03,3.289578E-02,0.000000E+00,0.000000E+00,5.545358E-02,3.789164E+02,5.766319E-01,7.000922E+03,9.195815E+03,1.398517E-01,3.355518E+03,5.545358E-02,0.000000E+00,0.000000E+00,3.289578E-02,2.247781E+02,4.230701E-01,5.064379E+03,6.432158E+03,9.226208E-02,2.168105E+03,3.289578E-02,0.000000E+00,0.000000E+00
14:50:00,7.315150E-02,4.998470E+02,5.502748E-01,6.868856E+03,8.931251E+03,7.315150E-02,2.300767E+03,7.315150E-02,0.000000E+00,0.000000E+00,5.545358E-02,3.789164E+02,5.885000E-01,7.134461E+03,9.334198E+03,1.479245E-01,3.509649E+03,5.545358E-02,0.000000E+00,0.000000E+00,3.289578E-02,2.247781E+02,4.049551E-01,4.860618E+03,6.228944E+03,9.247003E-02,2.172075E+03,3.289578E-02,0.000000E+00,0.000000E+00,5.545358E-02,3.789164E+02,5.785117E-01,7.022074E+03,9.217860E+03,1.398516E-01,3.355516E+03,5.545358E-02,0.000000E+00,0.000000E+00,3.289578E-02,2.247781E+02,4.389013E-01,5.242496E+03,6.614854E+03,9.226201E-02,2.168103E+03,3.289578E-02,0.000000E+00,0.000000E+00
15:00:00,7.315150E-02,4.998470E+02,5.521989E-01,6.890510E+03,8.953411E+03,7.315150E-02,2.300767E+03,7.315150E-02,0.000000E+00,0.000000E+00,5.545358E-02,3.789164E+02,5.902058E-01,7.153656E+03,9.354327E+03,1.479244E-01,3.509647E+03,5.545358E-02,0.000000E+00,0.000000E+00,3.289578E-02,2.247781E+02,4.054990E-01,4.866739E+03,6.235459E+03,9.246995E-02,2.172074E+03,3.289578E-02,0.000000E+00,0.000000E+00,5.545358E-02,3.789164E+02,5.802161E-01,7.041254E+03,9.237923E+03,1.398515E-01,3.355514E+03,5.545358E-02,0.000000E+00,0.000000E+00,3.289578E-02,2.247781E+02,4.549383E-01,5.422934E+03,6.799781E+03,9.226193E-02,2.168102E+03,3.289578E-02,0.000000E+00,0.000000E+00
15:10:00,7.315150E-02,5.047720E+02,5.541116E-01,6.907109E+03,8.970398E+03,7.315150E-02,2.300767E+03,7.315150E-02,0.000000E+00,0.000000E+00,5.545358E-02,3.826499E+02,5.916702E-01,7.166402E+03,9.367630E+03,1.479243E-01,3.509645E+03,5.545358E-02,0.000000E+00,0.000000E+00,3.289578E-02,2.269928E+02,4.058713E-01,4.868714E+03,6.237592E+03,9.246988E-02,2.172072E+03,3.289578E-02,0.000000E+00,0.000000E+00,5.545358E-02,3.826499E+02,5.817197E-01,7.054440E+03,9.251662E+03,1.398514E-01,3.355512E+03,5.545358E-02,0.000000E+00,0.000000E+00,3.289578E-02,2.269928E+02,4.709223E-01,5.600566E+03,6.981904E+03,9.226186E-02,2.168101E+03,3.289578E-02,0.000000E+00,0.000000E+00
15:20:00,7.315150E-02,5.096970E+02,5.559971E-01,6.923402E+03,8.987065E+03,7.315150E-02,2.300767E+03,7.315150E-02,0.000000E+00,0.000000E+00,5.545358E-02,3.863833E+02,5.928802E-01,7.176285E+03,9.377915E+03,1.479242E-01,3.509643E+03,5.545358E-02,0.000000E+00,0.000000E+00,3.289578E-02,2.292076E+02,4.060668E-01,4.868700E+03,6.237652E+03,9.246981E-02,2.172071E+03,3.289578E-02,0.000000E+00,0.000000E+00,5.545358E-02,3.863833E+02,5.830088E-01,7.065212E+03,9.262872E+03,1.398513E-01,3.355510E+03,5.545358E-02,0.000000E+00,0.000000E+00,3.289578E-02,2.292076E+02,4.866374E-01,5.775176E+03,7.161238E+03,9.226179E-02,2.168099E+03,3.289578E-02,0.000000E+00,0.000000E+00
15:30:00,7.315150E-02,5.146219E+02,5.578405E-01,6.939223E+03,9.003246E+03,7.315150E-02,2.300767E+03,7.315150E-02,0.000000E+00,0.000000E+00,5.545358E-02,3.901167E+02,5.938288E-01,7.183226E+03,9.385184E+03,1.479241E-01,3.509641E+03,5.545358E-02,0.000000E+00,0.000000E+00,3.289578E-02,2.314223E+02,4.060814E-01,4.866651E+03,6.235640E+03,9.246974E-02,2.172070E+03,3.289578E-02,0.000000E+00,0.000000E+00,5.545358E-02,3.901167E+02,5.840735E-01,7.073460E+03,9.271509E+03,1.398512E-01,3.355508E+03,5.545358E-02,0.000000E+00,0.000000E+00,3.289578E-02,2.314223E+02,5.018992E-01,5.944689E+03,7.335655E+03,9.226172E-02,2.168098E+03,3.289578E-02,0.000000E+00,0.000000E+00
15:40:00,7.315150E-02,5.195469E+02,5.596286E-01,6.954420E+03,9.018783E+03,7.315150E-02,2.300767E+03,7.315150E-02,0.000000E+00,0.000000E+00,5.545358E-02,3.938502E+02,5.946687E-01,7.188945E+03,9.391395E+03,1.479240E-01,3.509639E+03,5.545358E-02,0.000000E+00,0.000000E+00,3.289578E-02,2.336370E+02,4.059989E-01,4.863509E+03,6.232613E+03,9.246967E-02,2.172068E+03,3.289578E-02,0.000000E+00,0.000000E+00,5.545358E-02,3.938502E+02,5.850325E-01,7.080519E+03,9.279090E+03,1.398511E-01,3.355506E+03,5.545358E-02,0.000000E+00,0.000000E+00,3.289578E-02,2.336370E+02,5.162278E-01,6.103702E+03,7.499143E+03,9.226166E-02,2.168097E+03,3.289578E-02,0.000000E+00,0.000000E+00
15:50:00,7.315150E-02,5.244719E+02,5.613488E-01,6.968854E+03,9.033536E+03,7.315150E-02,2.300767E+03,7.315150E-02,0.000000E+00,0.000000E+00,5.545358E-02,3.975836E+02,5.952967E-01,7.192279E+03,9.395133E+03,1.479239E-01,3.509637E+03,5.545358E-02,0.000000E+00,0.000000E+00,3.289578E-02,2.358517E+02,4.057591E-01,4.858596E+03,6.227751E+03,9.246960E-02,2.172067E+03,3.289578E-02,0.000000E+00,0.000000E+00,5.545358E-02,3.975836E+02,5.857955E-01,7.085372E+03,9.284380E+03,1.398510E-01,3.355504E+03,5.545358E-02,0.000000E+00,0.000000E+00,3.289578E-02,2.358517E+02,5.290508E-01,6.245777E+03,7.644900E+03,9.226159E-02,2.168096E+03,3.289578E-02,0.000000E+00,0.000000E+00
16:00:00,7.315150E-02,5.293968E+02,5.629862E-01,6.982356E+03,9.047329E+03,7.315150E-02,2.300767E+03,7.315150E-02,0.000000E+00,0.000000E+00,5.545358E-02,4.013171E+02,5.956855E-01,7.192921E+03,9.395993E+03,1.479238E-01,3.509635E+03,5.545358E-02,0.000000E+00,0.000000E+00,3.289578E-02,2.380665E+02,4.053479E-01,4.851756E+03,6.220848E+03,9.246954E-02,2.172066E+03,3.289578E-02,0.000000E+00,0.000000E+00,5.545358E-02,4.013171E+02,5.863404E-01,7.087771E+03,9.287053E+03,1.398509E-01,3.355502E+03,5.545358E-02,0.000000E+00,0.000000E+00,3.289578E-02,2.380665E+02,5.401719E-01,6.368705E+03,7.771860E+03,9.226153E-02,2.168094E+03,3.289578E-02,0.000000E+00,0.000000E+00
16:10:00,7.315150E-02,5.359634E+02,5.645265E-01,6.993124E+03,9.058323E+03,7.315150E-02,2.300767E+03,7.315150E-02,0.000000E+00,0.000000E+00,5.545358E-02,4.062950E+02,5.958795E-01,7.190128E+03,9.393272E+03,1.479237E-01,3.509633E+03,5.545358E-02,0.000000E+00,0.000000E+00,3.289578E-02,2.410194E+02,4.047913E-01,4.842541E+03,6.211479E+03,9.246947E-02,2.172065E+03,3.289578E-02,0.000000E+00,0.000000E+00,5.545358E-02,4.062950E+02,5.867061E-01,7.086909E+03,9.286338E+03,1.398508E-01,3.355500E+03,5.545358E-02,0.000000E+00,0.000000E+00,3.289578E-02,2.410194E+02,5.495134E-01,6.470872E+03,7.878462E+03,9.226146E-02,2.168093E+03,3.289578E-02,0.000000E+00,0.000000E+00
16:20:00,7.315150E-02,5.425301E+02,5.659569E-01,7.002654E+03,9.068049E+03,7.315150E-02,2.300767E+03,7.315150E-02,0.000000E+00,0.000000E+00,5.545358E-02,4.112729E+02,5.958761E-01,7.185114E+03,9.388293E+03,1.479236E-01,3.509631E+03,5.545358E-02,0.000000E+00,0.000000E+00,3.289578E-02,2.439724E+02,4.040866E-01,4.831660E+03,6.200414E+03,9.246941E-02,2.172063E+03,3.289578E-02,0.000000E+00,0.000000E+00,5.545358E-02,4.112729E+02,5.868922E-01,7.084026E+03,9.283571E+03,1.398507E-01,3.355499E+03,5.545358E-02,0.000000E+00,0.000000E+00,3.289578E-02,2.439724E+02,5.570065E-01,6.552242E+03,7.963987E+03,9.226140E-02,2.168092E+03,3.289578E-02,0.000000E+00,0.000000E+00
16:30:00,7.315150E-02,5.490967E+02,5.672659E-01,7.010818E+03,9.076375E+03,7.315150E-02,2.300767E+03,7.315150E-02,0.000000E+00,0.000000E+00,5.545358E-02,4.162508E+02,5.956648E-01,7.177759E+03,9.380946E+03,1.479235E-01,3.509630E+03,5.545358E-02,0.000000E+00,0.000000E+00,3.289578E-02,2.469254E+02,4.032310E-01,4.819081E+03,6.187631E+03,9.246935E-02,2.172062E+03,3.289578E-02,0.000000E+00,0.000000E+00,5.545358E-02,4.162508E+02,5.868999E-01,7.079136E+03,9.278783E+03,1.398506E-01,3.355497E+03,5.545358E-02,0.000000E+00,0.000000E+00,3.289578E-02,2.469254E+02,5.625913E-01,6.612141E+03,8.027059E+03,9.226134E-02,2.168091E+03,3.289578E-02,0.000000E+00,0.000000E+00
16:40:00,7.315150E-02,5.556633E+02,5.684433E-01,7.017503E+03,9.083184E+03,7.315150E-02,2.300767E+03,7.315150E-02,0.000000E+00,0.000000E+00,5.545358E-02,4.212288E+02,5.952292E-01,7.167881E+03,9.371009E+03,1.479234E-01,3.509628E+03,5.545358E-02,0.000000E+00,0.000000E+00,3.289578E-02,2.498783E+02,4.022216E-01,4.804771E+03,6.173073E+03,9.246929E-02,2.172061E+03,3.289578E-02,0.000000E+00,0.000000E+00,5.545358E-02,4.212288E+02,5.867351E-01,7.072305E+03,9.272009E+03,1.398505E-01,3.355495E+03,5.545358E-02,0.000000E+00,0.000000E+00,3.289578E-02,2.498783E+02,5.663580E-01,6.651581E+03,8.068538E+03,9.226128E-02,2.168090E+03,3.289578E-02,0.000000E+00,0.000000E+00
16:50:00,7.315150E-02,5.622299E+02,5.694819E-01,7.022624E+03,9.088395E+03,7.315150E-02,2.300767E+03,7.315150E-02,0.000000E+00,0.000000E+00,5.545358E-02,4.262067E+02,5.945493E-01,7.155254E+03,9.358215E+03,1.479233E-01,3.509626E+03,5.545358E-02,0.000000E+00,0.000000E+00,3.289578E-02,2.528313E+02,4.010558E-01,4.788701E+03,6.156688E+03,9.246923E-02,2.172060E+03,3.289578E-02,0.000000E+00,0.000000E+00,5.545358E-02,4.262067E+02,5.866444E-01,7.066307E+03,9.266422E+03,1.398505E-01,3.355494E+03,5.545358E-02,0.000000E+00,0.000000E+00,3.289578E-02,2.528313E+02,5.687991E-01,6.676106E+03,8.094587E+03,9.226122E-02,2.168089E+03,3.289578E-02,0.000000E+00,0.000000E+00
17:00:00,7.315150E-02,5.687965E+02,5.703789E-01,7.026153E+03,9.091977E+03,7.315150E-02,2.300767E+03,7.315150E-02,0.000000E+00,0.000000E+00,5.545358E-02,4.311846E+02,5.936038E-01,7.139638E+03,9.342301E+03,1.479232E-01,3.509625E+03,5.545358E-02,0.000000E+00,0.000000E+00,3.289578E-02,2.557843E+02,3.997325E-01,4.770858E+03,6.138456E+03,9.246917E-02,2.172059E+03,3.289578E-02,0.000000E+00,0.000000E+00,5.545358E-02,4.311846E+02,5.871388E-01,7.066892E+03,9.268064E+03,1.398504E-01,3.355492E+03,5.545358E-02,0.000000E+00,0.000000E+00,3.289578E-02,2.557843E+02,5.699679E-01,6.686314E+03,8.105947E+03,9.226117E-02,2.168087E+03,3.289578E-02,0.000000E+00,0.000000E+00
17:10:00,7.315150E-02,5.770048E+02,5.711334E-01,7.026435E+03,9.092236E+03,7.315150E-02,2.300767E+03,7.315150E-02,0.000000E+00,0.000000E+00,5.545358E-02,4.374070E+02,5.921345E-01,7.116885E+03,9.318657E+03,1.479231E-01,3.509623E+03,5.545358E-02,0.000000E+00,0.000000E+00,3.289578E-02,2.594755E+02,3.981199E-01,4.749024E+03,6.115905E+03,9.246912E-02,2.172058E+03,3.289578E-02,0.000000E+00,0.000000E+00,5.545358E-02,4.374070E+02,5.881132E-01,7.071633E+03,9.272941E+03,1.398503E-01,3.355490E+03,5.545358E-02,0.000000E+00,0.000000E+00,3.289578E-02,2.594755E+02,5.694445E-01,6.676740E+03,8.096669E+03,9.226111E-02,2.168086E+03,3.289578E-02,0.000000E+00,0.000000E+00
17:20:00,7.315150E-02,5.852131E+02,5.717508E-01,7.025176E+03,9.090921E+03,7.315150E-02,2.300767E+03,7.315150E-02,0.000000E+00,0.000000E+00,5.545358E-02,4.436294E+02,5.902817E-01,7.089817E+03,9.291072E+03,1.479230E-01,3.509621E+03,5.545358E-02,0.000000E+00,0.000000E+00,3.289578E-02,2.631667E+02,3.963192E-01,4.725072E+03,6.091488E+03,9.246906E-02,2.172057E+03,3.289578E-02,0.000000E+00,0.000000E+00,5.545358E-02,4.436294E+02,5.897586E-01,7.083922E+03,9.285201E+03,1.398502E-01,3.355489E+03,5.545358E-02,0.000000E+00,0.000000E+00,3.289578E-02,2.631667E+02,5.673141E-01,6.649086E+03,8.069637E+03,9.226106E-02,2.168085E+03,3.289578E-02,0.000000E+00,0.000000E+00
17:30:00,7.315150E-02,5.934213E+02,5.722647E-01,7.022751E+03,9.088431E+03,7.315150E-02,2.300767E+03,7.315150E-02,0.000000E+00,0.000000E+00,5.545358E-02,4.498518E+02,5.880606E-01,7.058605E+03,9.259464E+03,1.479230E-01,3.509620E+03,5.545358E-02,0.000000E+00,0.000000E+00,3.289578E-02,2.668579E+02,3.943529E-01,4.699258E+03,6.065276E+03,9.246901E-02,2.172056E+03,3.289578E-02,0.000000E+00,0.000000E+00,5.545358E-02,4.498518E+02,5.920857E-01,7.103881E+03,9.305325E+03,1.398501E-01,3.355487E+03,5.545358E-02,0.000000E+00,0.000000E+00,3.289578E-02,2.668579E+02,5.635972E-01,6.603580E+03,8.024805E+03,9.226100E-02,2.168084E+03,3.289578E-02,0.000000E+00,0.000000E+00
17:40:00,7.315150E-02,6.016296E+02,5.727128E-01,7.019586E+03,9.085196E+03,7.315150E-02,2.300767E+03,7.315150E-02,0.000000E+00,0.000000E+00,5.545358E-02,4.560742E+02,5.854575E-01,7.023094E+03,9.223263E+03,1.479229E-01,3.509618E+03,5.545358E-02,0.000000E+00,0.000000E+00,3.289578E-02,2.705491E+02,3.922281E-01,4.671659E+03,6.037103E+03,9.246895E-02,2.172055E+03,3.289578E-02,0.000000E+00,0.000000E+00,5.545358E-02,4.560742E+02,5.950082E-01,7.130539E+03,9.332619E+03,1.398501E-01,3.355486E+03,5.545358E-02,0.000000E+00,0.000000E+00,3.289578E-02,2.705491E+02,5.583360E-01,6.540698E+03,7.962068E+03,9.226095E-02,2.168083E+03,3.289578E-02,0.000000E+00,0.000000E+00
17:50:00,7.315150E-02,6.098379E+02,5.731166E-01,7.015921E+03,9.081441E+03,7.315150E-02,2.300767E+03,7.315150E-02,0.000000E+00,0.000000E+00,5.545358E-02,4.622966E+02,5.824636E-01,6.983187E+03,9.182227E+03,1.479228E-01,3.509617E+03,5.545358E-02,0.000000E+00,0.000000E+00,3.289578E-02,2.742403E+02,3.899522E-01,4.642361E+03,6.006994E+03,9.246890E-02,2.172054E+03,3.289578E-02,0.000000E+00,0.000000E+00,5.545358E-02,4.622966E+02,5.981413E-01,7.159567E+03,9.362650E+03,1.398500E-01,3.355484E+03,5.545358E-02,0.000000E+00,0.000000E+00,3.289578E-02,2.742403E+02,5.515346E-01,6.460485E+03,7.881067E+03,9.226090E-02,2.168082E+03,3.289578E-02,0.000000E+00,0.000000E+00
18:00:00,7.315150E-02,6.180462E+02,5.734760E-01,7.011758E+03,9.077150E+03,7.315150E-02,2.300767E+03,7.315150E-02,0.000000E+00,0.000000E+00,5.545358E-02,4.685190E+02,5.790784E-01,6.938876E+03,9.136389E+03,1.479227E-01,3.509615E+03,5.545358E-02,0.000000E+00,0.000000E+00,3.289578E-02,2.779315E+02,3.875333E-01,4.611453E+03,5.975082E+03,9.246885E-02,2.172053E+03,3.289578E-02,0.000000E+00,0.000000E+00,5.545358E-02,4.685190E+02,6.006092E-01,7.181111E+03,9.384625E+03,1.398499E-01,3.355483E+03,5.545358E-02,0.000000E+00,0.000000E+00,3.289578E-02,2.779315E+02,5.431761E-01,6.362752E+03,7.781567E+03,9.226085E-02,2.168081E+03,3.289578E-02,0.000000E+00,0.000000E+00
18:10:00,7.315150E-02,6.303586E+02,5.737726E-01,7.002784E+03,9.067916E+03,7.315150E-02,2.300767E+03,7.315150E-02,0.000000E+00,0.000000E+00,5.545358E-02,4.778526E+02,5.754960E-01,6.889235E+03,9.085173E+03,1.594047E-01,3.728836E+03,5.545358E-02,0.000000E+00,0.000000E+00,3.289578E-02,2.834683E+02,3.850812E-01,4.578327E+03,5.940954E+03,1.001235E-01,2.318200E+03,3.289578E-02,0.000000E+00,0.000000E+00,5.545358E-02,4.778526E+02,6.020182E-01,7.187632E+03,9.391233E+03,1.513318E-01,3.574704E+03,5.545358E-02,0.000000E+00,0.000000E+00,3.289578E-02,2.834683E+02,5.335814E-01,6.249262E+03,7.665883E+03,9.991546E-02,2.314229E+03,3.289578E-02,0.000000E+00,0.000000E+00
18:20:00,7.315150E-02,6.426710E+02,5.739659E-01,6.992647E+03,9.057489E+03,7.315150E-02,2.300767E+03,7.315150E-02,0.000000E+00,0.000000E+00,5.545358E-02,4.871862E+02,5.715486E-01,6.835487E+03,9.029794E+03,1.708891E-01,3.948108E+03,5.545358E-02,0.000000E+00,0.000000E+00,3.289578E-02,2.890051E+02,3.824939E-01,4.543678E+03,5.905319E+03,1.077798E-01,2.464382E+03,3.289578E-02,0.000000E+00,0.000000E+00,5.545358E-02,4.871862E+02,6.018909E-01,7.176869E+03,9.380710E+03,1.628165E-01,3.793979E+03,5.545358E-02,0.000000E+00,0.000000E+00,3.289578E-02,2.890051E+02,5.225677E-01,6.119807E+03,7.533967E+03,1.075718E-01,2.460411E+03,3.289578E-02,0.000000E+00,0.000000E+00
18:30:00,7.315150E-02,6.549834E+02,5.739729E-01,6.980413E+03,9.044915E+03,7.315150E-02,2.300767E+03,7.315150E-02,0.000000E+00,0.000000E+00,5.545358E-02,4.965198E+02,5.671137E-01,6.776254E+03,8.968706E+03,1.823741E-01,4.167393E+03,5.545358E-02,0.000000E+00,0.000000E+00,3.289578E-02,2.945419E+02,3.796979E-01,4.506681E+03,5.867264E+03,1.154364E-01,2.610572E+03,3.289578E-02,0.000000E+00,0.000000E+00,5.545358E-02,4.965198E+02,5.995305E-01,7.140982E+03,9.344328E+03,1.743015E-01,4.013264E+03,5.545358E-02,0.000000E+00,0.000000E+00,3.289578E-02,2.945419E+02,5.093655E-01,5.965725E+03,7.376225E+03,1.152284E-01,2.606601E+03,3.289578E-02,0.000000E+00,0.000000E+00
18:40:00,7.315150E-02,6.672958E+02,5.736934E-01,6.964956E+03,9.029036E+03,7.315150E-02,2.300767E+03,7.315150E-02,0.000000E+00,0.000000E+00,5.545358E-02,5.058534E+02,5.622632E-01,6.712344E+03,8.902993E+03,1.938609E-01,4.386717E+03,5.545358E-02,0.000000E+00,0.000000E+00,3.289578E-02,3.000788E+02,3.767272E-01,4.467719E+03,5.827327E+03,1.230942E-01,2.756787E+03,3.289578E-02,0.000000E+00,0.000000E+00,5.545358E-02,5.058534E+02,5.950779E-01,7.081556E+03,9.284668E+03,1.857882E-01,4.232587E+03,5.545358E-02,0.000000E+00,0.000000E+00,3.289578E-02,3.000788E+02,4.945126E-01,5.793071E+03,7.201083E+03,1.228862E-01,2.752816E+03,3.289578E-02,0.000000E+00,0.000000E+00
18:50:00,7.315150E-02,6.796082E+02,5.730489E-01,6.945390E+03,9.008951E+03,7.315150E-02,2.300767E+03,7.315150E-02,0.000000E+00,0.000000E+00,5.545358E-02,5.151870E+02,5.569813E-01,6.643581E+03,8.832210E+03,2.053487E-01,4.606065E+03,5.545358E-02,0.000000E+00,0.000000E+00,3.289578E-02,3.056156E+02,3.735562E-01,4.426504E+03,5.785033E+03,1.307526E-01,2.903018E+03,3.289578E-02,0.000000E+00,0.000000E+00,5.545358E-02,5.151870E+02,5.881245E-01,6.993993E+03,9.195360E+03,1.972760E-01,4.451933E+03,5.545358E-02,0.000000E+00,0.000000E+00,3.289578E-02,3.056156E+02,4.773806E-01,5.594774E+03,6.998761E+03,1.305446E-01,2.899047E+03,3.289578E-02,0.000000E+00,0.000000E+00
19:00:00,7.315150E-02,6.919206E+02,5.719842E-01,6.921098E+03,8.984030E+03,7.315150E-02,2.300767E+03,7.315150E-02,0.000000E+00,0.000000E+00,5.545358E-02,5.245206E+02,5.513146E-01,6.570489E+03,8.756834E+03,2.168373E-01,4.825430E+03,5.545358E-02,0.000000E+00,0.000000E+00,3.289578E-02,3.111524E+02,3.701881E-01,4.383070E+03,5.740376E+03,1.384115E-01,3.049260E+03,3.289578E-02,0.000000E+00,0.000000E+00,5.545358E-02,5.245206E+02,5.790512E-01,6.882578E+03,9.081277E+03,2.087645E-01,4.671296E+03,5.545358E-02,0.000000E+00,0.000000E+00,3.289578E-02,3.111524E+02,4.584129E-01,5.375823E+03,6.775369E+03,1.382035E-01,3.045289E+03,3.289578E-02,0.000000E+00,0.000000E+00
19:10:00,7.315150E-02,7.009497E+02,5.704811E-01,6.895153E+03,8.957423E+03,7.315150E-02,2.300767E+03,7.315150E-02,0.000000E+00,0.000000E+00,5.545358E-02,5.313653E+02,5.453451E-01,6.496477E+03,8.680321E+03,2.168442E-01,4.825581E+03,5.545358E-02,0.000000E+00,0.000000E+00,3.289578E-02,3.152127E+02,3.666478E-01,4.339176E+03,5.695145E+03,1.384160E-01,3.049358E+03,3.289578E-02,0.000000E+00,0.000000E+00,5.545358E-02,5.313653E+02,5.688837E-01,6.761341E+03,8.957572E+03,2.087714E-01,4.671444E+03,5.545358E-02,0.000000E+00,0.000000E+00,3.289578E-02,3.152127E+02,4.391523E-01,5.155052E+03,6.551033E+03,1.382080E-01,3.045387E+03,3.289578E-02,0.000000E+00,0.000000E+00
19:20:00,7.315150E-02,7.099788E+02,5.685758E-01,6.864684E+03,8.926200E+03,7.315150E-02,2.300767E+03,7.315150E-02,0.000000E+00,0.000000E+00,5.545358E-02,5.382099E+02,5.395089E-01,6.423965E+03,8.605791E+03,2.168491E-01,4.825687E+03,5.545358E-02,0.000000E+00,0.000000E+00,3.289578E-02,3.192731E+02,3.631609E-01,4.295882E+03,5.650790E+03,1.384190E-01,3.049426E+03,3.289578E-02,0.000000E+00,0.000000E+00,5.545358E-02,5.382099E+02,5.587463E-01,6.640439E+03,8.834217E+03,2.087760E-01,4.671544E+03,5.545358E-02,0.000000E+00,0.000000E+00,3.289578E-02,3.192731E+02,4.211995E-01,4.948994E+03,6.340617E+03,1.382110E-01,3.045454E+03,3.289578E-02,0.000000E+00,0.000000E+00
19:30:00,7.315150E-02,7.190079E+02,5.663575E-01,6.830691E+03,8.891393E+03,7.315150E-02,2.300767E+03,7.315150E-02,0.000000E+00,0.000000E+00,5.545358E-02,5.450546E+02,5.340534E-01,6.355736E+03,8.535494E+03,2.168536E-01,4.825785E+03,5.545358E-02,0.000000E+00,0.000000E+00,3.289578E-02,3.233334E+02,3.598483E-01,4.254550E+03,5.608319E+03,1.384218E-01,3.049488E+03,3.289578E-02,0.000000E+00,0.000000E+00,5.545358E-02,5.450546E+02,5.495352E-01,6.529956E+03,8.720093E+03,2.087805E-01,4.671641E+03,5.545358E-02,0.000000E+00,0.000000E+00,3.289578E-02,3.233334E+02,4.058548E-01,4.772276E+03,6.156909E+03,1.382138E-01,3.045516E+03,3.289578E-02,0.000000E+00,0.000000E+00
19:40:00,7.315150E-02,7.280370E+02,5.639378E-01,6.794433E+03,8.854270E+03,7.315150E-02,2.300767E+03,7.315150E-02,0.000000E+00,0.000000E+00,5.545358E-02,5.518992E+02,5.289997E-01,6.292027E+03,8.469221E+03,2.168566E-01,4.825851E+03,5.545358E-02,0.000000E+00,0.000000E+00,3.289578E-02,3.273937E+02,3.567107E-01,4.215185E+03,5.567482E+03,1.384237E-01,3.049528E+03,3.289578E-02,0.000000E+00,0.000000E+00,5.545358E-02,5.518992E+02,5.412899E-01,6.430334E+03,8.615090E+03,2.087834E-01,4.671705E+03,5.545358E-02,0.000000E+00,0.000000E+00,3.289578E-02,3.273937E+02,3.929070E-01,4.622522E+03,5.997459E+03,1.382157E-01,3.045557E+03,3.289578E-02,0.000000E+00,0.000000E+00
19:50:00,7.315150E-02,7.370661E+02,5.614197E-01,6.757066E+03,8.815996E+03,7.315150E-02,2.300767E+03,7.315150E-02,0.000000E+00,0.000000E+00,5.545358E-02,5.587438E+02,5.244470E-01,6.233953E+03,8.408451E+03,2.168588E-01,4.825897E+03,5.545358E-02,0.000000E+00,0.000000E+00,3.289578E-02,3.314540E+02,3.538039E-01,4.178417E+03,5.529125E+03,1.384250E-01,3.049557E+03,3.289578E-02,0.000000E+00,0.000000E+00,5.545358E-02,5.587438E+02,5.346354E-01,6.348611E+03,8.528373E+03,2.087856E-01,4.671750E+03,5.545358E-02,0.000000E+00,0.000000E+00,3.289578E-02,3.314540E+02,3.833079E-01,4.510445E+03,5.877062E+03,1.382170E-01,3.045585E+03,3.289578E-02,0.000000E+00,0.000000E+00
20:00:00,7.315150E-02,7.460952E+02,5.588966E-01,6.719645E+03,8.777648E+03,7.315150E-02,2.300767E+03,7.315150E-02,0.000000E+00,0.000000E+00,5.545358E-02,5.655885E+02,5.204199E-01,6.181794E+03,8.353892E+03,2.168604E-01,4.825931E+03,5.545358E-02,0.000000E+00,0.000000E+00,3.289578E-02,3.355144E+02,3.511489E-01,4.144482E+03,5.493738E+03,1.384260E-01,3.049577E+03,3.289578E-02,0.000000E+00,0.000000E+00,5.545358E-02,5.655885E+02,5.296204E-01,6.285332E+03,8.461723E+03,2.087872E-01,4.671784E+03,5.545358E-02,0.000000E+00,0.000000E+00,3.289578E-02,3.355144E+02,3.769304E-01,4.434614E+03,5.796264E+03,1.382180E-01,3.045606E+03,3.289578E-02,0.000000E+00,0.000000E+00
20:10:00,7.315150E-02,7.534827E+02,5.564399E-01,6.684610E+03,8.741743E+03,7.315150E-02,2.300767E+03,7.315150E-02,0.000000E+00,0.000000E+00,5.545358E-02,5.711886E+02,5.169934E-01,6.137637E+03,8.308125E+03,2.168617E-01,4.825957E+03,5.545358E-02,0.000000E+00,0.000000E+00,3.289578E-02,3.388365E+02,3.488005E-01,4.114734E+03,5.462959E+03,1.384268E-01,3.049594E+03,3.289578E-02,0.000000E+00,0.000000E+00,5.545358E-02,5.711886E+02,5.258139E-01,6.236895E+03,8.411485E+03,2.087884E-01,4.671810E+03,5.545358E-02,0.000000E+00,0.000000E+00,3.289578E-02,3.388365E+02,3.726288E-01,4.382878E+03,5.742107E+03,1.382188E-01,3.045622E+03,3.289578E-02,0.000000E+00,0.000000E+00
20:20:00,7.315150E-02,7.608701E+02,5.540788E-01,6.650652E+03,8.706952E+03,7.315150E-02,2.300767E+03,7.315150E-02,0.000000E+00,0.000000E+00,5.545358E-02,5.767888E+02,5.138038E-01,6.096145E+03,8.265165E+03,2.168627E-01,4.825978E+03,5.545358E-02,0.000000E+00,0.000000E+00,3.289578E-02,3.421585E+02,3.465633E-01,4.086239E+03,5.433495E+03,1.384274E-01,3.049607E+03,3.289578E-02,0.000000E+00,0.000000E+00,5.545358E-02,5.767888E+02,5.224230E-01,6.193133E+03,8.366203E+03,2.087895E-01,4.671831E+03,5.545358E-02,0.000000E+00,0.000000E+00,3.289578E-02,3.421585E+02,3.691320E-01,4.340198E+03,5.697703E+03,1.382194E-01,3.045635E+03,3.289578E-02,0.000000E+00,0.000000E+00
20:30:00,7.315150E-02,7.682576E+02,5.518034E-01,6.617658E+03,8.673161E+03,7.315150E-02,2.300767E+03,7.315150E-02,0.000000E+00,0.000000E+00,5.545358E-02,5.823890E+02,5.107534E-01,6.056219E+03,8.223793E+03,2.168636E-01,4.825995E+03,5.545358E-02,0.000000E+00,0.000000E+00,3.289578E-02,3.454806E+02,3.443935E-01,4.058501E+03,5.404795E+03,1.384280E-01,3.049617E+03,3.289578E-02,0.000000E+00,0.000000E+00,5.545358E-02,5.823890E+02,5.192718E-01,6.152072E+03,8.323703E+03,2.087903E-01,4.671847E+03,5.545358E-02,0.000000E+00,0.000000E+00,3.289578E-02,3.454806E+02,3.661152E-01,4.302923E+03,5.659012E+03,1.382200E-01,3.045646E+03,3.289578E-02,0.000000E+00,0.000000E+00
20:40:00,7.315150E-02,7.756450E+02,5.495926E-01,6.585391E+03,8.640121E+03,7.315150E-02,2.300767E+03,7.315150E-02,0.000000E+00,0.000000E+00,5.545358E-02,5.879891E+02,5.078081E-01,6.017476E+03,8.183627E+03,2.168643E-01,4.826009E+03,5.545358E-02,0.000000E+00,0.000000E+00,3.289578E-02,3.488027E+02,3.422754E-01,4.031345E+03,5.376688E+03,1.384284E-01,3.049626E+03,3.289578E-02,0.000000E+00,0.000000E+00,5.545358E-02,5.879891E+02,5.162932E-01,6.112952E+03,8.283199E+03,2.087910E-01,4.671861E+03,5.545358E-02,0.000000E+00,0.000000E+00,3.289578E-02,3.488027E+02,3.634338E-01,4.269425E+03,5.624284E+03,1.382204E-01,3.045655E+03,3.289578E-02,0.000000E+00,0.000000E+00
20:50:00,7.315150E-02,7.830324E+02,5.474282E-01,6.553647E+03,8.607617E+03,7.315150E-02,2.300767E+03,7.315150E-02,0.000000E+00,0.000000E+00,5.545358E-02,5.935893E+02,5.049419E-01,5.979625E+03,8.144387E+03,2.168648E-01,4.826020E+03,5.545358E-02,0.000000E+00,0.000000E+00,3.289578E-02,3.521248E+02,3.401970E-01,4.004637E+03,5.349048E+03,1.384288E-01,3.049634E+03,3.289578E-02,0.000000E+00,0.000000E+00,5.545358E-02,5.935893E+02,5.134390E-01,6.075235E+03,8.244144E+03,2.087916E-01,4.671872E+03,5.545358E-02,0.000000E+00,0.000000E+00,3.289578E-02,3.521248E+02,3.609872E-01,4.238571E+03,5.592329E+03,1.382208E-01,3.045662E+03,3.289578E-02,0.000000E+00,0.000000E+00
21:00:00,7.315150E-02,7.904199E+02,5.452971E-01,6.522277E+03,8.575497E+03,7.315150E-02,2.300767E+03,7.315150E-02,0.000000E+00,0.000000E+00,5.545358E-02,5.991895E+02,5.021370E-01,5.942463E+03,8.105881E+03,2.168653E-01,4.826030E+03,5.545358E-02,0.000000E+00,0.000000E+00,3.289578E-02,3.554469E+02,3.381501E-01,3.978283E+03,5.321790E+03,1.384291E-01,3.049640E+03,3.289578E-02,0.000000E+00,0.000000E+00,5.545358E-02,5.991895E+02,5.106758E-01,6.038542E+03,8.206164E+03,2.087921E-01,4.671882E+03,5.545358E-02,0.000000E+00,0.000000E+00,3.289578E-02,3.554469E+02,3.587051E-01,4.209568E+03,5.562325E+03,1.382211E-01,3.045669E+03,3.289578E-02,0.000000E+00,0.000000E+00
21:10:00,7.315150E-02,7.978073E+02,5.431910E-01,6.491187E+03,8.543662E+03,7.315150E-02,2.300767E+03,7.315150E-02,0.000000E+00,0.000000E+00,5.545358E-02,6.047896E+02,4.993583E-01,5.905597E+03,8.067670E+03,2.168658E-01,4.826039E+03,5.545358E-02,0.000000E+00,0.000000E+00,3.289578E-02,3.587690E+02,3.361155E-01,3.952068E+03,5.294669E+03,1.384294E-01,3.049646E+03,3.289578E-02,0.000000E+00,0.000000E+00,5.545358E-02,6.047896E+02,5.079594E-01,6.002376E+03,8.168717E+03,2.087925E-01,4.671891E+03,5.545358E-02,0.000000E+00,0.000000E+00,3.289578E-02,3.587690E+02,3.565230E-01,4.181692E+03,5.533504E+03,1.382214E-01,3.045674E+03,3.289578E-02,0.000000E+00,0.000000E+00
21:20:00,7.315150E-02,8.051948E+02,5.411036E-01,6.460308E+03,8.512040E+03,7.315150E-02,2.300767E+03,7.315150E-02,0.000000E+00,0.000000E+00,5.545358E-02,6.103898E+02,4.965958E-01,5.868912E+03,8.029635E+03,2.168662E-01,4.826047E+03,5.545358E-02,0.000000E+00,0.000000E+00,3.289578E-02,3.620911E+02,3.340890E-01,3.925943E+03,5.267636E+03,1.384297E-01,3.049651E+03,3.289578E-02,0.000000E+00,0.000000E+00,5.545358E-02,6.103898E+02,5.052723E-01,5.966539E+03,8.131600E+03,2.087929E-01,4.671899E+03,5.545358E-02,0.000000E+00,0.000000E+00,3.289578E-02,3.620911E+02,3.544046E-01,4.154533E+03,5.505436E+03,1.382217E-01,3.045680E+03,3.289578E-02,0.000000E+00,0.000000E+00
21:30:00,7.315150E-02,8.125822E+02,5.390309E-01,6.429596E+03,8.480586E+03,7.315150E-02,2.300767E+03,7.315150E-02,0.000000E+00,0.000000E+00,5.545358E-02,6.159899E+02,4.938437E-01,5.832345E+03,7.991710E+03,2.168666E-01,4.826054E+03,5.545358E-02,0.000000E+00,0.000000E+00,3.289578E-02,3.654132E+02,3.320683E-01,3.899884E+03,5.240664E+03,1.384299E-01,3.049656E+03,3.289578E-02,0.000000E+00,0.000000E+00,5.545358E-02,6.159899E+02,5.026028E-01,5.930902E+03,8.094679E+03,2.087933E-01,4.671906E+03,5.545358E-02,0.000000E+00,0.000000E+00,3.289578E-02,3.654132E+02,3.523244E-01,4.127803E+03,5.477819E+03,1.382219E-01,3.045684E+03,3.289578E-02,0.000000E+00,0.000000E+00
21:40:00,7.315150E-02,8.199697E+02,5.369706E-01,6.399023E+03,8.449271E+03,7.315150E-02,2.300767E+03,7.315150E-02,0.000000E+00,0.000000E+00,5.545358E-02,6.215901E+02,4.910985E-01,5.795856E+03,7.953855E+03,2.168669E-01,4.826060E+03,5.545358E-02,0.000000E+00,0.000000E+00,3.289578E-02,3.687353E+02,3.300521E-01,3.873876E+03,5.213737E+03,1.384302E-01,3.049660E+03,3.289578E-02,0.000000E+00,0.000000E+00,5.545358E-02,6.215901E+02,4.999431E-01,5.895375E+03,8.057863E+03,2.087936E-01,4.671912E+03,5.545358E-02,0.000000E+00,0.000000E+00,3.289578E-02,3.687353E+02,3.502647E-01,4.101305E+03,5.450443E+03,1.382222E-01,3.045689E+03,3.289578E-02,0.000000E+00,0.000000E+00
21:50:00,7.315150E-02,8.273571E+02,5.349214E-01,6.368574E+03,8.418082E+03,7.315150E-02,2.300767E+03,7.315150E-02,0.000000E+00,0.000000E+00,5.545358E-02,6.271903E+02,4.883581E-01,5.759421E+03,7.916045E+03,2.168672E-01,4.826066E+03,5.545358E-02,0.000000E+00,0.000000E+00,3.289578E-02,3.720573E+02,3.280400E-01,3.847914E+03,5.186851E+03,1.384304E-01,3.049664E+03,3.289578E-02,0.000000E+00,0.000000E+00,5.545358E-02,6.271903E+02,4.972883E-01,5.859902E+03,8.021094E+03,2.087939E-01,4.671918E+03,5.545358E-02,0.000000E+00,0.000000E+00,3.289578E-02,3.720573E+02,3.482136E-01,4.074904E+03,5.423167E+03,1.382224E-01,3.045693E+03,3.289578E-02,0.000000E+00,0.000000E+00
22:00:00,7.315150E-02,8.347446E+02,5.328824E-01,6.338241E+03,8.387010E+03,7.315150E-02,2.300767E+03,7.315150E-02,0.000000E+00,0.000000E+00,5.545358E-02,6.327904E+02,4.856215E-01,5.723029E+03,7.878270E+03,2.168675E-01,4.826072E+03,5.545358E-02,0.000000E+00,0.000000E+00,3.289578E-02,3.753794E+02,3.260318E-01,3.821996E+03,5.160004E+03,1.384306E-01,3.049668E+03,3.289578E-02,0.000000E+00,0.000000E+00,5.545358E-02,6.327904E+02,4.946352E-01,5.824449E+03,7.984335E+03,2.087942E-01,4.671924E+03,5.545358E-02,0.000000E+00,0.000000E+00,3.289578E-02,3.753794E+02,3.461632E-01,4.048511E+03,5.395896E+03,1.382226E-01,3.045697E+03,3.289578E-02,0.000000E+00,0.000000E+00
22:10:00,7.315150E-02,8.404904E+02,4.432184E-01,5.407073E+03,7.379607E+03,7.315150E-02,2.300767E+03,7.315150E-02,0.000000E+00,0.000000E+00,5.545358E-02,6.371461E+02,4.091835E-01,4.954093E+03,7.370460E+03,2.168678E-01,4.826077E+03,5.545358E-02,0.000000E+00,0.000000E+00,3.289578E-02,3.779633E+02,2.767319E-01,3.334712E+03,4.893452E+03,1.384308E-01,3.049671E+03,3.289578E-02,0.000000E+00,0.000000E+00,5.545358E-02,6.371461E+02,4.174709E-01,5.050607E+03,7.481836E+03,2.087945E-01,4.671929E+03,5.545358E-02,0.000000E+00,0.000000E+00,3.289578E-02,3.779633E+02,2.952697E-01,3.550565E+03,5.142310E+03,1.382228E-01,3.045700E+03,3.289578E-02,0.000000E+00,0.000000E+00
22:20:00,7.315150E-02,8.462361E+02,3.618447E-01,4.567588E+03,6.469413E+03,7.315150E-02,2.300767E+03,7.315150E-02,0.000000E+00,0.000000E+00,5.545358E-02,6.415018E+02,3.400824E-01,4.265053E+03,6.731375E+03,2.168680E-01,4.826082E+03,5.545358E-02,0.000000E+00,0.000000E+00,3.289578E-02,3.805471E+02,2.322954E-01,2.899980E+03,4.517259E+03,1.384309E-01,3.049675E+03,3.289578E-02,0.000000E+00,0.000000E+00,5.545358E-02,6.415018E+02,3.476325E-01,4.356828E+03,6.844234E+03,2.087947E-01,4.671934E+03,5.545358E-02,0.000000E+00,0.000000E+00,3.289578E-02,3.805471E+02,2.495408E-01,3.108612E+03,4.772325E+03,1.382230E-01,3.045704E+03,3.289578E-02,0.000000E+00,0.000000E+00
22:30:00,7.315150E-02,8.519819E+02,2.871513E-01,3.765983E+03,5.600406E+03,7.315150E-02,2.300767E+03,7.315150E-02,0.000000E+00,0.000000E+00,5.545358E-02,6.458575E+02,2.778128E-01,3.616185E+03,5.964256E+03,2.168683E-01,4.826087E+03,5.545358E-02,0.000000E+00,0.000000E+00,3.289578E-02,3.831310E+02,1.919968E-01,2.486392E+03,4.036107E+03,1.384311E-01,3.049678E+03,3.289578E-02,0.000000E+00,0.000000E+00,5.545358E-02,6.458575E+02,2.848405E-01,3.704723E+03,6.076764E+03,2.087950E-01,4.671939E+03,5.545358E-02,0.000000E+00,0.000000E+00,3.289578E-02,3.831310E+02,2.078862E-01,2.685595E+03,4.288177E+03,1.382231E-01,3.045707E+03,3.289578E-02,0.000000E+00,0.000000E+00
22:40:00,7.315150E-02,8.577277E+02,2.211354E-01,3.019250E+03,4.790074E+03,7.315150E-02,2.300767E+03,7.315150E-02,0.000000E+00,0.000000E+00,5.545358E-02,6.502132E+02,2.208836E-01,2.983504E+03,5.217963E+03,2.168685E-01,4.826092E+03,5.545358E-02,0.000000E+00,0.000000E+00,3.289578E-02,3.857148E+02,1.547682E-01,2.077855E+03,3.566511E+03,1.384313E-01,3.049681E+03,3.289578E-02,0.000000E+00,0.000000E+00,5.545358E-02,6.502132E+02,2.271615E-01,3.065184E+03,5.327026E+03,2.087952E-01,4.671943E+03,5.545358E-02,0.000000E+00,0.000000E+00,3.289578E-02,3.857148E+02,1.692599E-01,2.265765E+03,3.816635E+03,1.382233E-01,3.045710E+03,3.289578E-02,0.000000E+00,0.000000E+00
22:50:00,7.315150E-02,8.634735E+02,1.564406E-01,2.230335E+03,3.939541E+03,7.315150E-02,2.300767E+03,7.315150E-02,0.000000E+00,0.000000E+00,5.545358E-02,6.545688E+02,1.644517E-01,2.305907E+03,4.271977E+03,2.168688E-01,4.826096E+03,5.545358E-02,0.000000E+00,0.000000E+00,3.289578E-02,3.882987E+02,1.183081E-01,1.645844E+03,2.963876E+03,1.384314E-01,3.049684E+03,3.289578E-02,0.000000E+00,0.000000E+00,5.545358E-02,6.545688E+02,1.702333E-01,2.383414E+03,4.379908E+03,2.087955E-01,4.671948E+03,5.545358E-02,0.000000E+00,0.000000E+00,3.289578E-02,3.882987E+02,1.315629E-01,1.823342E+03,3.208465E+03,1.382234E-01,3.045713E+03,3.289578E-02,0.000000E+00,0.000000E+00
23:00:00,7.315150E-02,8.692193E+02,9.272976E-02,1.396282E+03,3.047410E+03,7.315150E-02,2.300767E+03,7.315150E-02,0.000000E+00,0.000000E+00,5.545358E-02,6.589245E+02,1.095508E-01,1.598272E+03,3.258456E+03,2.168690E-01,4.826101E+03,5.545358E-02,0.000000E+00,0.000000E+00,3.289578E-02,3.908825E+02,8.277021E-02,1.193541E+03,2.322947E+03,1.384316E-01,3.049687E+03,3.289578E-02,0.000000E+00,0.000000E+00,5.545358E-02,6.589245E+02,1.147914E-01,1.670556E+03,3.366088E+03,2.087957E-01,4.671952E+03,5.545358E-02,0.000000E+00,0.000000E+00,3.289578E-02,3.908825E+02,9.478982E-02,1.359548E+03,2.565214E+03,1.382236E-01,3.045716E+03,3.289578E-02,0.000000E+00,0.000000E+00
23:10:00,7.315150E-02,8.749651E+02,1.179763E-01,1.743841E+03,3.413564E+03,7.315150E-02,2.300767E+03,7.315150E-02,0.000000E+00,0.000000E+00,5.545358E-02,6.632802E+02,1.291522E-01,1.876009E+03,3.753730E+03,2.168692E-01,4.826105E+03,5.545358E-02,0.000000E+00,0.000000E+00,3.289578E-02,3.934664E+02,9.509087E-02,1.370492E+03,2.647794E+03,1.384317E-01,3.049690E+03,3.289578E-02,0.000000E+00,0.000000E+00,5.545358E-02,6.632802E+02,1.346644E-01,1.952941E+03,3.869364E+03,2.087959E-01,4.671956E+03,5.545358E-02,0.000000E+00,0.000000E+00,3.289578E-02,3.934664E+02,1.074501E-01,1.542819E+03,2.900205E+03,1.382238E-01,3.045719E+03,3.289578E-02,0.000000E+00,0.000000E+00
23:20:00,7.315150E-02,8.807109E+02,1.358286E-01,1.991342E+03,3.671632E+03,7.315150E-02,2.300767E+03,7.315150E-02,0.000000E+00,0.000000E+00,5.545358E-02,6.676359E+02,1.421154E-01,2.056912E+03,4.098921E+03,2.168694E-01,4.826109E+03,5.545358E-02,0.000000E+00,0.000000E+00,3.289578E-02,3.960502E+02,1.030428E-01,1.481812E+03,2.864341E+03,1.384319E-01,3.049693E+03,3.289578E-02,0.000000E+00,0.000000E+00,5.545358E-02,6.676359E+02,1.479083E-01,2.137836E+03,4.220954E+03,2.087961E-01,4.671960E+03,5.545358E-02,0.000000E+00,0.000000E+00,3.289578E-02,3.960502E+02,1.154503E-01,1.655042E+03,3.116570E+03,1.382239E-01,3.045722E+03,3.289578E-02,0.000000E+00,0.000000E+00
23:30:00,7.315150E-02,8.864567E+02,1.477962E-01,2.155444E+03,3.840751E+03,7.315150E-02,2.300767E+03,7.315150E-02,0.000000E+00,0.000000E+00,5.545358E-02,6.719916E+02,1.488593E-01,2.147935E+03,4.287892E+03,2.168697E-01,4.826113E+03,5.545358E-02,0.000000E+00,0.000000E+00,3.289578E-02,3.986340E+02,1.072929E-01,1.539260E+03,2.982853E+03,1.384320E-01,3.049696E+03,3.289578E-02,0.000000E+00,0.000000E+00,5.545358E-02,6.719916E+02,1.547141E-01,2.229680E+03,4.410782E+03,2.087963E-01,4.671964E+03,5.545358E-02,0.000000E+00,0.000000E+00,3.289578E-02,3.986340E+02,1.198131E-01,1.714062E+03,3.235466E+03,1.382240E-01,3.045724E+03,3.289578E-02,0.000000E+00,0.000000E+00
23:40:00,7.315150E-02,8.922025E+02,1.518007E-01,2.205693E+03,3.890156E+03,7.315150E-02,2.300767E+03,7.315150E-02,0.000000E+00,0.000000E+00,5.545358E-02,6.763472E+02,1.508098E-01,2.170760E+03,4.352260E+03,2.168699E-01,4.826117E+03,5.545358E-02,0.000000E+00,0.000000E+00,3.289578E-02,4.012179E+02,1.088603E-01,1.558512E+03,3.029555E+03,1.384322E-01,3.049698E+03,3.289578E-02,0.000000E+00,0.000000E+00,5.545358E-02,6.763472E+02,1.569484E-01,2.256462E+03,4.481429E+03,2.087965E-01,4.671968E+03,5.545358E-02,0.000000E+00,0.000000E+00,3.289578E-02,4.012179E+02,1.215340E-01,1.735447E+03,3.284075E+03,1.382242E-01,3.045727E+03,3.289578E-02,0.000000E+00,0.000000E+00
23:50:00,7.315150E-02,8.979483E+02,1.551321E-01,2.246483E+03,3.929788E+03,7.315150E-02,2.300767E+03,7.315150E-02,0.000000E+00,0.000000E+00,5.545358E-02,6.807029E+02,1.527589E-01,2.193576E+03,4.409406E+03,2.168701E-01,4.826121E+03,5.545358E-02,0.000000E+00,0.000000E+00,3.289578E-02,4.038017E+02,1.100090E-01,1.571930E+03,3.061594E+03,1.384323E-01,3.049701E+03,3.289578E-02,0.000000E+00,0.000000E+00,5.545358E-02,6.807029E+02,1.589211E-01,2.279604E+03,4.538508E+03,2.087967E-01,4.671972E+03,5.545358E-02,0.000000E+00,0.000000E+00,3.289578E-02,4.038017E+02,1.226728E-01,1.748721E+03,3.314489E+03,1.382243E-01,3.045730E+03,3.289578E-02,0.000000E+00,0.000000E+00
24:00:00,7.315150E-02,9.036941E+02,1.580750E-01,2.281843E+03,3.963917E+03,7.315150E-02,2.300767E+03,7.315150E-02,0.000000E+00,0.000000E+00,5.545358E-02,6.850586E+02,1.536337E-01,2.201396E+03,4.436319E+03,2.168703E-01,4.826124E+03,5.545358E-02,0.000000E+00,0.000000E+00,3.289578E-02,4.063856E+02,1.105557E-01,1.576950E+03,3.076792E+03,1.384324E-01,3.049703E+03,3.289578E-02,0.000000E+00,0.000000E+00,5.545358E-02,6.850586E+02,1.598571E-01,2.288275E+03,4.566381E+03,2.087969E-01,4.671975E+03,5.545358E-02,0.000000E+00,0.000000E+00,3.289578E-02,4.063856E+02,1.232051E-01,1.753535E+03,3.328511E+03,1.382244E-01,3.045732E+03,3.289578E-02,0.000000E+00,0.000000E+00
Coinc Peak   ,7.315150E-02,5.905572E-01,2.300767E+03,7.026435E+03,2.168727E-01,5.958795E-01,4.826171E+03,7.192921E+03,1.384340E-01,5.236219E-01,3.049734E+03,6.093240E+03,2.087990E-01,6.020182E-01,4.672015E+03,7.187632E+03,1.382259E-01,5.699679E-01,3.045761E+03,6.686314E+03
NonCoinc Peak,7.315150E-02,5.790419E-01,2.300767E+03,7.026435E+03,2.168727E-01,5.958795E-01,4.826171E+03,7.192921E+03,1.384340E-01,5.236219E-01,3.049734E+03,6.093240E+03,2.087990E-01,6.020182E-01,4.672015E+03,7.187632E+03,1.382259E-01,5.699679E-01,3.045761E+03,6.686314E+03
